                  epoch,         train/box_loss,         train/cls_loss,         train/dfl_loss,   metrics/precision(B),      metrics/recall(B),       metrics/mAP50(B),    metrics/mAP50-95(B),           val/box_loss,           val/cls_loss,           val/dfl_loss,                 lr/pg0,                 lr/pg1,                 lr/pg2
                      1,                 3.0921,                 4.0318,                 4.0228,                0.00138,                0.28355,                0.00096,                0.00029,                 3.0274,                 4.3283,                 4.2424,              0.0033247,              0.0033247,              0.0033247
                      2,                 2.2216,                 3.0091,                 2.9791,                0.27006,                0.05616,                0.09176,                0.04461,                 2.2399,                 3.2614,                 3.1281,              0.0066487,              0.0066487,              0.0066487
                      3,                  1.656,                 2.3212,                 2.2283,                 0.3056,                0.40493,                0.24314,                0.14557,                 1.3843,                 2.2046,                 1.9097,              0.0099631,              0.0099631,              0.0099631
                      4,                 1.4429,                 1.9507,                 1.9318,                0.35137,                0.43166,                0.34535,                0.21238,                 1.3476,                 1.8315,                 1.8242,              0.0099576,              0.0099576,              0.0099576
                      5,                 1.3411,                 1.7365,                 1.7977,                  0.436,                0.49706,                0.38251,                0.21572,                 1.4634,                 1.6944,                 1.8611,              0.0099434,              0.0099434,              0.0099434
                      6,                 1.2754,                 1.6248,                 1.7044,                0.45024,                0.51494,                0.48083,                0.32337,                 1.0845,                  1.652,                 1.5473,              0.0099293,              0.0099293,              0.0099293
                      7,                 1.2444,                 1.5312,                 1.6673,                0.42546,                0.59952,                0.51883,                0.38556,                0.89869,                 1.3844,                 1.3793,              0.0099151,              0.0099151,              0.0099151
                      8,                 1.2216,                 1.5037,                 1.6439,                0.50117,                0.58202,                0.54313,                0.40645,                0.93553,                 1.4787,                 1.3781,               0.009901,               0.009901,               0.009901
                      9,                  1.186,                 1.4625,                 1.5955,                0.50008,                0.58147,                0.54924,                0.39875,                 1.0544,                  1.509,                 1.4778,              0.0098869,              0.0098869,              0.0098869
                     10,                 1.1611,                 1.4269,                 1.5759,                0.53655,                0.49808,                0.48911,                0.37135,                0.79516,                 1.4354,                 1.2768,              0.0098727,              0.0098727,              0.0098727
                     11,                 1.1434,                  1.385,                 1.5601,                0.55616,                0.53783,                0.54316,                0.39151,                0.93565,                 1.5988,                 1.3867,              0.0098586,              0.0098586,              0.0098586
                     12,                  1.113,                 1.3435,                 1.5244,                0.51453,                0.60976,                0.56892,                0.43458,                0.89411,                   1.19,                 1.3138,              0.0098444,              0.0098444,              0.0098444
                     13,                 1.0866,                  1.338,                 1.4922,                0.45552,                0.72288,                0.59991,                0.45737,                0.82069,                 1.1775,                  1.262,              0.0098303,              0.0098303,              0.0098303
                     14,                 1.0665,                 1.3046,                  1.474,                0.47983,                0.65795,                0.59555,                0.45397,                 0.8838,                 1.1279,                   1.29,              0.0098161,              0.0098161,              0.0098161
                     15,                  1.054,                 1.2901,                 1.4684,                0.55834,                 0.6255,                 0.6255,                0.49527,                0.83333,                 1.1261,                 1.2781,               0.009802,               0.009802,               0.009802
                     16,                 1.0368,                 1.2516,                 1.4476,                0.58619,                0.65821,                0.66096,                0.53468,                0.76078,                 1.0981,                  1.218,              0.0097879,              0.0097879,              0.0097879
                     17,                 1.0082,                 1.2459,                 1.4246,                0.59621,                0.62729,                0.63313,                0.50863,                 0.8415,                 1.1046,                 1.2599,              0.0097737,              0.0097737,              0.0097737
                     18,                0.99729,                 1.2113,                 1.4054,                0.58141,                0.67276,                0.66288,                0.52251,                0.82265,                 1.0729,                 1.2592,              0.0097596,              0.0097596,              0.0097596
                     19,                0.97807,                 1.1878,                 1.4015,                0.58962,                0.70501,                0.69646,                0.55452,                  0.754,                 1.1262,                 1.2006,              0.0097454,              0.0097454,              0.0097454
                     20,                0.96846,                 1.1931,                 1.3821,                0.65537,                 0.6852,                0.71294,                0.59489,                0.66725,                 1.0041,                 1.1491,              0.0097313,              0.0097313,              0.0097313
                     21,                0.95324,                 1.1626,                 1.3742,                0.64085,                0.68299,                0.72364,                0.59814,                0.68602,                 0.9465,                 1.1457,              0.0097171,              0.0097171,              0.0097171
                     22,                0.94621,                 1.1713,                 1.3664,                0.61128,                0.72528,                  0.736,                 0.6032,                0.72001,                 1.0054,                 1.1621,               0.009703,               0.009703,               0.009703
                     23,                0.92812,                  1.138,                 1.3511,                0.66542,                0.67179,                 0.7254,                0.60079,                0.68688,                0.95676,                 1.1569,              0.0096889,              0.0096889,              0.0096889
                     24,                0.91955,                 1.1162,                  1.343,                 0.6289,                0.73275,                0.72843,                0.59755,                0.73455,                0.96995,                 1.2001,              0.0096747,              0.0096747,              0.0096747
                     25,                0.90341,                 1.1046,                 1.3238,                0.71538,                0.70475,                0.76726,                0.64255,                0.66912,                0.89959,                 1.1043,              0.0096606,              0.0096606,              0.0096606
                     26,                0.90351,                 1.1058,                 1.3204,                 0.6879,                0.71956,                0.76051,                0.64415,                  0.639,                0.95703,                 1.1039,              0.0096464,              0.0096464,              0.0096464
                     27,                0.88261,                 1.0807,                 1.3133,                0.67044,                0.72822,                0.74952,                0.62834,                0.67077,                0.90126,                 1.1321,              0.0096323,              0.0096323,              0.0096323
                     28,                0.88557,                 1.0805,                 1.3029,                0.66518,                0.72677,                0.76474,                0.62637,                0.76285,                0.89739,                 1.2228,              0.0096181,              0.0096181,              0.0096181
                     29,                0.88901,                 1.0824,                 1.2988,                0.70726,                0.71175,                0.77259,                0.66267,                0.62782,                0.91811,                 1.0927,               0.009604,               0.009604,               0.009604
                     30,                0.87259,                 1.0768,                 1.3005,                0.68903,                0.71366,                0.77579,                0.65938,                0.63801,                 0.8606,                  1.092,              0.0095899,              0.0095899,              0.0095899
                     31,                0.86564,                 1.0547,                 1.2924,                0.66535,                0.71828,                0.76407,                0.65048,                0.63071,                0.87945,                 1.0932,              0.0095757,              0.0095757,              0.0095757
                     32,                0.85624,                 1.0416,                   1.29,                  0.688,                0.74852,                0.78604,                0.67088,                  0.619,                0.86817,                 1.0823,              0.0095616,              0.0095616,              0.0095616
                     33,                0.86209,                 1.0392,                 1.2833,                0.71306,                0.73292,                0.78472,                0.65464,                0.70989,                 0.8603,                 1.1642,              0.0095474,              0.0095474,              0.0095474
                     34,                0.85708,                 1.0421,                 1.2866,                0.67108,                0.71401,                0.78278,                0.67481,                0.61595,                0.83843,                 1.0721,              0.0095333,              0.0095333,              0.0095333
                     35,                0.84018,                 1.0128,                 1.2643,                 0.7154,                0.72379,                 0.7784,                0.67093,                0.62226,                0.92315,                 1.0773,              0.0095191,              0.0095191,              0.0095191
                     36,                0.83516,                 1.0047,                 1.2628,                0.64824,                0.75032,                0.77858,                0.64079,                0.71266,                 0.8864,                 1.1896,               0.009505,               0.009505,               0.009505
                     37,                0.83391,                 1.0017,                 1.2601,                0.65691,                0.72166,                0.74624,                0.64504,                0.59948,                0.84934,                 1.0595,              0.0094909,              0.0094909,              0.0094909
                     38,                0.82692,                0.99635,                 1.2592,                0.68522,                0.73538,                0.78665,                0.68426,                0.58607,                0.88079,                 1.0505,              0.0094767,              0.0094767,              0.0094767
                     39,                 0.8355,                 1.0011,                 1.2563,                0.72816,                0.71843,                0.78288,                0.67995,                0.58034,                0.83924,                 1.0523,              0.0094626,              0.0094626,              0.0094626
                     40,                0.82304,                 0.9995,                 1.2535,                0.71438,                0.69857,                 0.7652,                0.66829,                0.58433,                0.82783,                 1.0411,              0.0094484,              0.0094484,              0.0094484
                     41,                0.80809,                0.97883,                 1.2294,                0.71381,                 0.7401,                0.78266,                0.68061,                0.57197,                0.85352,                 1.0371,              0.0094343,              0.0094343,              0.0094343
                     42,                0.80676,                0.98554,                 1.2409,                0.71987,                0.72896,                0.79908,                0.69283,                0.60177,                0.78234,                 1.0632,              0.0094201,              0.0094201,              0.0094201
                     43,                0.81304,                0.97098,                 1.2395,                0.71257,                0.73229,                0.80313,                0.69733,                0.59208,                0.77659,                 1.0469,               0.009406,               0.009406,               0.009406
                     44,                0.80601,                 0.9661,                 1.2369,                0.73091,                0.71816,                0.78359,                0.68781,                0.57318,                0.82139,                 1.0284,              0.0093919,              0.0093919,              0.0093919
                     45,                0.82104,                0.95913,                 1.2405,                0.74361,                0.70415,                0.80337,                0.70161,                0.57342,                0.78404,                 1.0386,              0.0093777,              0.0093777,              0.0093777
                     46,                0.80651,                0.95953,                  1.225,                0.71748,                0.71329,                0.79301,                0.69299,                0.57598,                0.76942,                 1.0402,              0.0093636,              0.0093636,              0.0093636
                     47,                0.80682,                0.95631,                 1.2344,                0.74546,                0.75057,                0.81193,                0.70116,                 0.5714,                 0.7776,                 1.0356,              0.0093494,              0.0093494,              0.0093494
                     48,                0.81304,                0.94839,                 1.2286,                0.70993,                0.76393,                0.80841,                0.69919,                0.60064,                 0.7832,                  1.049,              0.0093353,              0.0093353,              0.0093353
                     49,                0.80513,                0.93091,                 1.2317,                0.71921,                 0.7391,                0.79386,                0.69312,                0.58147,                0.79764,                 1.0357,              0.0093211,              0.0093211,              0.0093211
                     50,                0.79333,                0.92805,                 1.2173,                 0.7142,                 0.7765,                0.81318,                 0.7052,                 0.5743,                0.75857,                   1.04,               0.009307,               0.009307,               0.009307
                     51,                 0.7844,                0.92549,                 1.2169,                0.74893,                0.72421,                0.81223,                0.70965,                0.55666,                0.77577,                 1.0206,              0.0092929,              0.0092929,              0.0092929
                     52,                0.79204,                0.92744,                 1.2164,                 0.6944,                 0.7645,                0.80631,                0.70385,                0.56112,                 0.7609,                 1.0163,              0.0092787,              0.0092787,              0.0092787
                     53,                0.79011,                 0.9221,                   1.21,                0.70033,                0.73943,                0.80121,                0.71119,                0.55311,                0.76795,                 1.0072,              0.0092646,              0.0092646,              0.0092646
                     54,                0.78117,                0.91103,                 1.2076,                0.70621,                0.77403,                0.81794,                0.72262,                0.54539,                0.74475,                 1.0109,              0.0092504,              0.0092504,              0.0092504
                     55,                0.77961,                0.91803,                 1.2071,                0.73834,                0.75686,                0.81832,                0.72511,                0.55008,                0.76173,                 1.0148,              0.0092363,              0.0092363,              0.0092363
                     56,                0.77083,                0.89085,                 1.2031,                0.74548,                0.74698,                0.81256,                0.71991,                0.55334,                0.73257,                 1.0131,              0.0092221,              0.0092221,              0.0092221
                     57,                0.77142,                0.90148,                 1.2007,                0.75894,                0.75484,                 0.8265,                0.73032,                 0.5672,                0.73868,                 1.0203,               0.009208,               0.009208,               0.009208
                     58,                0.77348,                0.89944,                 1.1981,                0.75012,                0.74489,                0.81325,                0.72064,                0.55112,                0.75964,                 1.0095,              0.0091939,              0.0091939,              0.0091939
                     59,                0.76667,                0.90395,                 1.1965,                0.73188,                0.75753,                0.81535,                0.72017,                0.55267,                0.73778,                 1.0121,              0.0091797,              0.0091797,              0.0091797
                     60,                0.77597,                0.89845,                 1.2008,                0.76355,                0.73664,                0.81469,                0.72495,                0.53923,                0.74617,                 1.0005,              0.0091656,              0.0091656,              0.0091656
                     61,                0.76899,                0.89636,                 1.1888,                0.75064,                0.75285,                0.83479,                0.74389,                0.54385,                0.71979,                0.99355,              0.0091514,              0.0091514,              0.0091514
                     62,                0.76531,                0.90175,                 1.1902,                0.74791,                0.74139,                0.83108,                0.74396,                0.53088,                0.72532,                 0.9894,              0.0091373,              0.0091373,              0.0091373
                     63,                0.77241,                0.89665,                 1.1896,                0.74622,                0.73955,                0.81747,                0.72884,                0.53617,                  0.739,                0.99347,              0.0091231,              0.0091231,              0.0091231
                     64,                0.75841,                0.87458,                 1.1846,                0.73845,                 0.7782,                0.83513,                0.74106,                0.53479,                0.71232,                0.99688,               0.009109,               0.009109,               0.009109
                     65,                0.75615,                0.86183,                 1.1799,                0.69877,                0.77969,                0.81644,                0.72599,                0.53398,                0.73148,                0.99532,              0.0090949,              0.0090949,              0.0090949
                     66,                0.75092,                0.86911,                 1.1796,                0.74525,                0.76086,                0.82447,                0.74115,                0.51128,                0.71809,                0.97108,              0.0090807,              0.0090807,              0.0090807
                     67,                0.75768,                0.86059,                 1.1857,                0.73814,                0.77458,                0.82785,                 0.7363,                 0.5263,                0.71876,                 0.9795,              0.0090666,              0.0090666,              0.0090666
                     68,                0.74909,                0.86411,                 1.1782,                0.72893,                0.77734,                0.82647,                0.73497,                0.52294,                0.72792,                0.97822,              0.0090524,              0.0090524,              0.0090524
                     69,                0.76393,                0.86146,                 1.1823,                 0.7228,                0.78035,                0.83058,                0.74682,                 0.5186,                0.70334,                0.97899,              0.0090383,              0.0090383,              0.0090383
                     70,                0.75379,                0.87136,                 1.1826,                0.74917,                0.72948,                0.82857,                0.74194,                0.53098,                0.71932,                0.98573,              0.0090241,              0.0090241,              0.0090241
                     71,                0.74957,                0.85756,                 1.1779,                0.78943,                0.72813,                0.83273,                0.74423,                0.52151,                0.70398,                0.98105,                0.00901,                0.00901,                0.00901
                     72,                0.74475,                0.84321,                 1.1725,                0.77619,                0.73782,                0.83385,                0.74772,                0.52628,                0.70065,                0.98322,              0.0089959,              0.0089959,              0.0089959
                     73,                0.75439,                0.85523,                 1.1734,                0.73989,                0.76093,                 0.8243,                0.73699,                0.52142,                0.70966,                0.97778,              0.0089817,              0.0089817,              0.0089817
                     74,                 0.7382,                0.84419,                  1.167,                 0.7527,                0.76131,                0.83666,                0.75094,                0.52508,                0.70496,                0.98396,              0.0089676,              0.0089676,              0.0089676
                     75,                0.74471,                0.84748,                 1.1743,                0.75105,                0.75993,                0.83212,                0.74545,                0.51607,                0.70406,                0.97493,              0.0089534,              0.0089534,              0.0089534
                     76,                0.74219,                0.84212,                 1.1706,                0.72665,                0.79883,                0.83751,                0.74861,                0.51712,                  0.697,                0.96675,              0.0089393,              0.0089393,              0.0089393
                     77,                0.73282,                0.83072,                 1.1589,                0.73862,                0.77974,                0.83088,                0.73671,                0.51958,                0.71396,                0.97524,              0.0089251,              0.0089251,              0.0089251
                     78,                0.73543,                0.83977,                 1.1619,                0.71984,                0.77251,                 0.8267,                0.74097,                0.51752,                 0.7181,                0.97922,               0.008911,               0.008911,               0.008911
                     79,                0.74035,                0.83186,                 1.1728,                0.75465,                0.75476,                0.83382,                0.75185,                0.51126,                0.70979,                0.97003,              0.0088969,              0.0088969,              0.0088969
                     80,                0.73712,                0.83037,                 1.1656,                0.75549,                 0.7534,                0.83293,                0.74764,                0.51071,                0.71124,                0.97191,              0.0088827,              0.0088827,              0.0088827
                     81,                0.73309,                0.82358,                 1.1614,                 0.7336,                 0.7797,                0.83867,                0.75337,                0.50817,                0.70171,                0.96672,              0.0088686,              0.0088686,              0.0088686
                     82,                0.73582,                 0.8224,                 1.1578,                0.72923,                0.78636,                0.83084,                0.75048,                0.49663,                0.69507,                0.94948,              0.0088544,              0.0088544,              0.0088544
                     83,                0.72409,                0.82414,                 1.1516,                0.72073,                0.79132,                0.83135,                0.74912,                 0.5051,                0.70707,                0.96139,              0.0088403,              0.0088403,              0.0088403
                     84,                0.72508,                0.81304,                 1.1592,                0.74857,                0.77588,                0.83858,                0.75637,                0.50721,                0.70404,                0.96303,              0.0088261,              0.0088261,              0.0088261
                     85,                 0.7264,                0.81628,                 1.1568,                 0.7328,                0.78133,                0.82874,                0.74823,                0.50423,                0.70278,                0.96544,               0.008812,               0.008812,               0.008812
                     86,                0.72737,                0.81221,                 1.1544,                0.78006,                0.75018,                0.83694,                0.75446,                 0.5092,                0.70056,                0.96613,              0.0087979,              0.0087979,              0.0087979
                     87,                0.72854,                0.80934,                 1.1539,                0.73662,                 0.7834,                0.83806,                0.75615,                0.50222,                0.69096,                0.95836,              0.0087837,              0.0087837,              0.0087837
                     88,                0.72247,                0.80815,                  1.152,                0.71914,                0.80273,                0.83425,                0.75025,                0.50246,                0.70101,                0.95504,              0.0087696,              0.0087696,              0.0087696
                     89,                0.72297,                0.80203,                 1.1501,                0.76854,                0.75356,                0.83833,                0.75658,                0.49718,                0.69039,                0.95085,              0.0087554,              0.0087554,              0.0087554
                     90,                0.72214,                0.81149,                 1.1486,                0.76061,                0.78042,                0.84052,                0.75983,                0.50217,                0.68442,                0.95367,              0.0087413,              0.0087413,              0.0087413
                     91,                0.71333,                0.79651,                 1.1433,                0.76788,                0.77103,                0.84117,                 0.7623,                0.50399,                0.68564,                0.95793,              0.0087271,              0.0087271,              0.0087271
                     92,                0.71502,                0.78929,                 1.1502,                0.76812,                0.78364,                0.84607,                0.76531,                0.50335,                0.67275,                0.95985,               0.008713,               0.008713,               0.008713
                     93,                0.71392,                0.79657,                 1.1401,                0.76793,                0.78542,                0.84289,                0.75918,                0.49723,                0.67689,                0.95377,              0.0086989,              0.0086989,              0.0086989
                     94,                0.70824,                0.78114,                  1.144,                0.76688,                 0.7669,                 0.8434,                0.76246,                0.49285,                 0.6814,                0.95052,              0.0086847,              0.0086847,              0.0086847
                     95,                0.70326,                0.77488,                 1.1388,                0.76456,                0.79512,                0.85081,                0.76694,                0.49765,                0.66806,                  0.953,              0.0086706,              0.0086706,              0.0086706
                     96,                0.70871,                0.77994,                 1.1373,                0.75617,                0.79773,                0.84984,                0.76621,                0.49503,                0.66508,                0.95022,              0.0086564,              0.0086564,              0.0086564
                     97,                 0.7104,                0.78649,                 1.1415,                0.77463,                0.77504,                0.84822,                0.76761,                0.49343,                0.66905,                0.94312,              0.0086423,              0.0086423,              0.0086423
                     98,                0.69887,                0.76342,                 1.1284,                0.79072,                0.76185,                0.84294,                0.76395,                0.49089,                0.67917,                0.93938,              0.0086281,              0.0086281,              0.0086281
                     99,                0.71276,                0.77991,                 1.1434,                0.77898,                0.77253,                0.84101,                0.76024,                0.49641,                0.68612,                0.94858,               0.008614,               0.008614,               0.008614
                    100,                0.69666,                 0.7764,                  1.129,                0.77308,                 0.7657,                0.84285,                0.76465,                 0.4893,                0.68065,                0.94065,              0.0085999,              0.0085999,              0.0085999
                    101,                0.70476,                0.76205,                  1.132,                0.74356,                 0.7994,                  0.841,                0.76275,                0.48913,                0.68651,                 0.9389,              0.0085857,              0.0085857,              0.0085857
                    102,                0.70168,                0.77853,                  1.131,                0.75283,                0.78243,                0.83932,                0.76257,                 0.4914,                0.68757,                0.94108,              0.0085716,              0.0085716,              0.0085716
                    103,                0.69822,                0.77294,                 1.1292,                0.71694,                0.82309,                0.84335,                0.76462,                0.48967,                0.67756,                0.94016,              0.0085574,              0.0085574,              0.0085574
                    104,                0.70659,                0.76908,                 1.1308,                0.74074,                0.80176,                0.84386,                0.76582,                0.48321,                0.67969,                0.93678,              0.0085433,              0.0085433,              0.0085433
                    105,                0.70329,                0.76901,                 1.1307,                0.75385,                 0.7897,                0.84204,                0.76366,                0.48017,                0.68345,                0.93378,              0.0085291,              0.0085291,              0.0085291
                    106,                0.70276,                 0.7559,                 1.1264,                0.75117,                0.79525,                 0.8399,                 0.7603,                0.48174,                0.68497,                0.93563,               0.008515,               0.008515,               0.008515
                    107,                0.69693,                0.75511,                 1.1265,                0.76262,                0.78079,                0.84015,                0.76049,                0.48175,                0.67798,                 0.9357,              0.0085009,              0.0085009,              0.0085009
                    108,                0.69922,                0.75954,                 1.1319,                0.74239,                0.79636,                0.84153,                0.76088,                0.48222,                0.67675,                0.93748,              0.0084867,              0.0084867,              0.0084867
                    109,                0.69324,                 0.7517,                 1.1235,                0.72093,                0.82645,                0.84275,                0.76218,                   0.48,                0.68078,                0.93347,              0.0084726,              0.0084726,              0.0084726
                    110,                0.69819,                0.74812,                 1.1286,                0.74478,                0.80707,                 0.8413,                0.76179,                 0.4804,                0.68447,                0.93512,              0.0084584,              0.0084584,              0.0084584
                    111,                0.69409,                0.73936,                 1.1248,                0.74846,                0.81349,                0.84507,                0.76632,                0.48044,                0.67303,                0.93425,              0.0084443,              0.0084443,              0.0084443
                    112,                0.69484,                0.74505,                 1.1257,                 0.7579,                0.79766,                0.84386,                 0.7666,                0.48039,                0.67134,                0.93481,              0.0084301,              0.0084301,              0.0084301
                    113,                 0.6928,                0.73358,                 1.1256,                0.76951,                 0.7938,                0.84738,                0.77004,                0.48072,                0.66427,                0.93515,               0.008416,               0.008416,               0.008416
                    114,                0.69127,                0.73947,                 1.1193,                0.76037,                0.79078,                0.84931,                0.77309,                0.47655,                0.66342,                0.92969,              0.0084019,              0.0084019,              0.0084019
                    115,                0.69374,                0.75305,                  1.115,                0.76254,                0.77927,                0.85029,                0.77355,                0.47677,                0.65972,                0.92912,              0.0083877,              0.0083877,              0.0083877
                    116,                0.68943,                0.73947,                 1.1136,                0.78002,                0.77116,                0.85092,                0.77483,                0.47669,                0.66032,                0.92791,              0.0083736,              0.0083736,              0.0083736
                    117,                0.69492,                  0.737,                  1.121,                0.77629,                0.77663,                0.85017,                0.77319,                0.47445,                0.66293,                0.92582,              0.0083594,              0.0083594,              0.0083594
                    118,                0.69091,                0.72529,                 1.1164,                0.77407,                0.78423,                0.85086,                 0.7745,                0.47425,                0.66272,                0.92519,              0.0083453,              0.0083453,              0.0083453
                    119,                0.69255,                0.74088,                 1.1158,                0.78847,                0.75505,                0.84912,                0.77329,                0.47436,                0.66823,                0.92379,              0.0083311,              0.0083311,              0.0083311
                    120,                0.69072,                  0.728,                 1.1146,                0.76851,                0.76665,                0.84975,                0.77327,                 0.4742,                0.66902,                0.92408,               0.008317,               0.008317,               0.008317
                    121,                0.67937,                0.72586,                 1.1101,                0.73964,                0.79804,                0.84949,                0.77275,                0.47191,                 0.6684,                0.92156,              0.0083029,              0.0083029,              0.0083029
                    122,                0.68188,                0.71512,                 1.1057,                0.76006,                0.79034,                0.84953,                0.77425,                0.47167,                0.66703,                0.92155,              0.0082887,              0.0082887,              0.0082887
                    123,                0.68271,                0.71807,                  1.108,                0.76795,                0.77292,                0.84922,                0.77329,                0.47111,                0.66566,                0.92161,              0.0082746,              0.0082746,              0.0082746
                    124,                0.68786,                0.73159,                 1.1111,                 0.7263,                0.81268,                0.84868,                0.77228,                0.47182,                0.66507,                0.92241,              0.0082604,              0.0082604,              0.0082604
                    125,                0.67405,                0.71055,                 1.1092,                0.76586,                0.76853,                0.84817,                0.77278,                0.47219,                 0.6662,                0.92244,              0.0082463,              0.0082463,              0.0082463
                    126,                0.67737,                0.70424,                 1.1026,                0.75314,                0.78129,                0.84584,                0.77145,                0.47128,                 0.6653,                0.92222,              0.0082321,              0.0082321,              0.0082321
                    127,                0.67969,                0.70453,                 1.1055,                0.78841,                0.74682,                0.84445,                0.76966,                0.47159,                0.66207,                0.92278,               0.008218,               0.008218,               0.008218
                    128,                0.67756,                0.71063,                 1.1048,                0.78971,                0.74691,                0.84497,                0.76986,                0.47146,                0.65916,                0.92249,              0.0082039,              0.0082039,              0.0082039
                    129,                0.68592,                0.71924,                 1.1129,                0.75886,                0.78025,                0.84554,                0.77056,                0.46882,                0.65729,                0.91947,              0.0081897,              0.0081897,              0.0081897
                    130,                0.67665,                0.71344,                 1.0979,                0.77848,                0.75339,                0.84562,                0.77094,                0.46735,                 0.6556,                0.91711,              0.0081756,              0.0081756,              0.0081756
                    131,                0.67813,                0.70606,                 1.1041,                0.72823,                0.80453,                0.84742,                0.77395,                0.46652,                0.65579,                0.91642,              0.0081614,              0.0081614,              0.0081614
                    132,                0.67351,                0.70827,                  1.101,                0.72962,                 0.8161,                0.84725,                0.77299,                0.46635,                0.65598,                0.91534,              0.0081473,              0.0081473,              0.0081473
                    133,                 0.6676,                0.70519,                 1.0958,                0.73783,                0.80404,                 0.8465,                0.77382,                0.46728,                0.65617,                0.91606,              0.0081331,              0.0081331,              0.0081331
                    134,                 0.6632,                0.69042,                 1.0881,                0.74533,                0.80154,                0.84663,                0.77179,                0.46748,                0.65797,                0.91531,               0.008119,               0.008119,               0.008119
                    135,                0.67568,                0.69654,                 1.1046,                0.74526,                0.80152,                0.84754,                 0.7732,                 0.4674,                0.65652,                0.91498,              0.0081049,              0.0081049,              0.0081049
                    136,                0.67434,                0.69385,                 1.0936,                0.74741,                0.80271,                0.85029,                0.77633,                 0.4678,                0.65083,                0.91485,              0.0080907,              0.0080907,              0.0080907
                    137,                0.67417,                0.69276,                 1.0916,                0.77152,                0.77982,                0.85081,                0.77685,                0.46728,                0.64883,                0.91424,              0.0080766,              0.0080766,              0.0080766
                    138,                0.66583,                0.69553,                 1.0954,                0.76271,                0.78729,                0.85173,                0.77832,                0.46732,                0.64733,                0.91373,              0.0080624,              0.0080624,              0.0080624
                    139,                0.66055,                0.69683,                 1.0865,                0.75683,                0.80083,                0.85177,                0.77747,                0.46684,                0.64583,                 0.9131,              0.0080483,              0.0080483,              0.0080483
                    140,                0.65866,                0.68728,                 1.0893,                0.75011,                0.80463,                0.85123,                 0.7771,                0.46633,                0.64547,                0.91285,              0.0080341,              0.0080341,              0.0080341
                    141,                0.66458,                0.69729,                 1.0936,                0.76149,                0.79773,                0.85166,                0.77772,                0.46549,                0.64461,                0.91174,                0.00802,                0.00802,                0.00802
                    142,                0.66304,                0.68535,                 1.0901,                0.75686,                0.79554,                 0.8517,                0.77819,                0.46508,                0.64435,                 0.9111,              0.0080059,              0.0080059,              0.0080059
                    143,                0.66949,                0.68553,                 1.0893,                0.75675,                0.80254,                0.85149,                0.77849,                0.46435,                0.64573,                0.91003,              0.0079917,              0.0079917,              0.0079917
                    144,                0.66276,                0.68327,                 1.0916,                0.74861,                0.81128,                0.85123,                0.77742,                0.46375,                0.64821,                0.90924,              0.0079776,              0.0079776,              0.0079776
                    145,                0.66744,                0.68444,                 1.0954,                0.74546,                0.81469,                0.85017,                0.77736,                0.46213,                0.64871,                0.90823,              0.0079634,              0.0079634,              0.0079634
                    146,                 0.6614,                 0.6811,                 1.0906,                0.74931,                0.81008,                 0.8498,                0.77629,                0.46191,                0.65033,                 0.9078,              0.0079493,              0.0079493,              0.0079493
                    147,                0.65794,                  0.678,                 1.0832,                0.74519,                0.81378,                0.85017,                0.77734,                0.46255,                 0.6507,                0.90789,              0.0079351,              0.0079351,              0.0079351
                    148,                0.66457,                0.68116,                 1.0845,                0.73687,                0.81689,                0.85044,                0.77634,                0.46196,                0.65113,                 0.9076,               0.007921,               0.007921,               0.007921
                    149,                0.65903,                0.67336,                  1.083,                0.74039,                0.81684,                 0.8513,                 0.7769,                0.46159,                0.64997,                0.90752,              0.0079069,              0.0079069,              0.0079069
                    150,                0.66075,                0.66832,                 1.0852,                0.74054,                0.81608,                0.85187,                0.77812,                0.46089,                0.64843,                0.90719,              0.0078927,              0.0078927,              0.0078927
                    151,                0.65541,                0.68176,                 1.0825,                0.77805,                0.77985,                0.85232,                0.77871,                0.45994,                0.64739,                0.90664,              0.0078786,              0.0078786,              0.0078786
                    152,                0.66841,                0.68067,                 1.0898,                0.76389,                0.79313,                0.85251,                0.77922,                 0.4588,                 0.6458,                0.90542,              0.0078644,              0.0078644,              0.0078644
                    153,                0.64963,                0.66189,                 1.0834,                 0.7617,                0.79975,                0.85234,                0.77925,                0.45809,                0.64629,                0.90512,              0.0078503,              0.0078503,              0.0078503
                    154,                0.66223,                0.65911,                 1.0754,                0.76255,                 0.7953,                0.85211,                0.78043,                0.45781,                0.64573,                0.90469,              0.0078361,              0.0078361,              0.0078361
                    155,                0.65449,                0.66499,                 1.0873,                0.76376,                0.79481,                0.85203,                0.78066,                0.45776,                0.64497,                0.90435,               0.007822,               0.007822,               0.007822
                    156,                0.65797,                0.66205,                  1.086,                 0.7621,                0.79681,                0.85257,                0.78075,                0.45733,                0.64508,                0.90402,              0.0078079,              0.0078079,              0.0078079
                    157,                0.64604,                0.65478,                 1.0799,                 0.7579,                0.80146,                0.85203,                0.78112,                0.45677,                0.64527,                 0.9037,              0.0077937,              0.0077937,              0.0077937
                    158,                 0.6601,                0.66145,                 1.0829,                0.75876,                0.80311,                0.85186,                0.78102,                0.45626,                0.64464,                0.90333,              0.0077796,              0.0077796,              0.0077796
                    159,                0.65718,                0.66434,                 1.0758,                0.75969,                0.80135,                0.85178,                0.78043,                0.45605,                0.64408,                0.90302,              0.0077654,              0.0077654,              0.0077654
                    160,                0.64274,                0.64882,                 1.0726,                0.76333,                0.79885,                0.85187,                0.78183,                  0.456,                0.64279,                0.90277,              0.0077513,              0.0077513,              0.0077513
                    161,                0.64596,                0.65118,                 1.0728,                0.76561,                0.79605,                 0.8516,                0.78183,                0.45614,                0.64111,                0.90254,              0.0077371,              0.0077371,              0.0077371
                    162,                0.64911,                0.64942,                 1.0749,                0.76539,                0.80001,                0.85182,                0.78245,                0.45576,                0.64155,                0.90212,               0.007723,               0.007723,               0.007723
                    163,                0.65288,                0.66714,                  1.076,                 0.7657,                0.79851,                0.85182,                0.78241,                0.45559,                0.64157,                0.90186,              0.0077089,              0.0077089,              0.0077089
                    164,                0.65032,                0.66128,                 1.0795,                 0.7626,                0.80375,                0.85205,                0.78245,                0.45548,                0.64065,                0.90183,              0.0076947,              0.0076947,              0.0076947
                    165,                0.65432,                0.66652,                 1.0775,                  0.758,                0.80463,                0.85159,                0.78208,                0.45566,                0.64086,                0.90177,              0.0076806,              0.0076806,              0.0076806
                    166,                 0.6481,                0.63868,                 1.0796,                0.75884,                0.80735,                0.85142,                 0.7818,                0.45575,                0.64104,                0.90175,              0.0076664,              0.0076664,              0.0076664
                    167,                 0.6528,                0.65081,                 1.0738,                0.75801,                0.80753,                0.85143,                0.78223,                0.45588,                0.64078,                0.90172,              0.0076523,              0.0076523,              0.0076523
                    168,                0.64507,                0.65357,                 1.0778,                0.75587,                0.80916,                 0.8519,                0.78151,                0.45562,                0.64084,                0.90135,              0.0076381,              0.0076381,              0.0076381
                    169,                0.64179,                0.64326,                 1.0675,                0.75608,                0.80873,                0.85191,                 0.7821,                0.45541,                0.64044,                0.90105,               0.007624,               0.007624,               0.007624
                    170,                0.63982,                0.63681,                 1.0681,                0.75023,                0.81441,                0.85179,                0.78151,                0.45542,                0.64184,                 0.9008,              0.0076099,              0.0076099,              0.0076099
                    171,                 0.6439,                0.64129,                 1.0707,                0.75749,                0.80285,                0.85149,                0.78157,                0.45521,                0.64208,                0.90061,              0.0075957,              0.0075957,              0.0075957
                    172,                0.64069,                0.63365,                 1.0656,                0.75844,                0.80376,                0.85115,                0.78022,                0.45511,                0.64218,                0.90048,              0.0075816,              0.0075816,              0.0075816
                    173,                 0.6429,                0.63626,                  1.074,                0.75457,                0.80706,                0.85093,                0.78036,                0.45509,                0.64222,                0.90004,              0.0075674,              0.0075674,              0.0075674
                    174,                0.64324,                0.64371,                 1.0703,                0.75512,                0.80705,                0.85113,                0.77959,                 0.4549,                0.64151,                 0.8997,              0.0075533,              0.0075533,              0.0075533
                    175,                0.64332,                 0.6384,                 1.0709,                0.77769,                0.78426,                0.85064,                0.77915,                 0.4552,                0.64201,                0.89956,              0.0075391,              0.0075391,              0.0075391
                    176,                0.64643,                  0.638,                 1.0667,                0.77941,                0.78326,                0.85038,                0.77849,                0.45508,                0.64204,                 0.8992,               0.007525,               0.007525,               0.007525
                    177,                0.63869,                0.62865,                 1.0667,                0.78301,                 0.7823,                0.85032,                0.77857,                0.45502,                0.64186,                0.89908,              0.0075109,              0.0075109,              0.0075109
                    178,                0.64176,                0.63124,                 1.0634,                0.78308,                0.78165,                0.85077,                0.77899,                 0.4547,                0.64087,                0.89873,              0.0074967,              0.0074967,              0.0074967
                    179,                0.63949,                0.63547,                 1.0678,                 0.7831,                0.78134,                0.85056,                0.77879,                0.45456,                0.64076,                 0.8985,              0.0074826,              0.0074826,              0.0074826
                    180,                0.64099,                0.63497,                 1.0681,                0.78532,                0.77767,                0.85091,                0.77971,                 0.4544,                0.64011,                0.89842,              0.0074684,              0.0074684,              0.0074684
                    181,                0.63875,                0.62816,                 1.0643,                0.75932,                0.80387,                0.85068,                0.77922,                0.45393,                0.63997,                0.89809,              0.0074543,              0.0074543,              0.0074543
                    182,                0.63257,                0.63285,                 1.0627,                0.75893,                0.80533,                0.85083,                 0.7799,                0.45392,                0.63976,                0.89777,              0.0074401,              0.0074401,              0.0074401
                    183,                0.63353,                 0.6328,                  1.057,                0.75957,                 0.8057,                0.85116,                0.78009,                0.45377,                0.63917,                 0.8976,               0.007426,               0.007426,               0.007426
                    184,                0.63016,                0.62503,                  1.059,                0.75796,                0.80963,                0.85105,                0.77992,                0.45356,                0.63908,                0.89745,              0.0074119,              0.0074119,              0.0074119
                    185,                0.63676,                0.62233,                 1.0615,                0.75791,                0.80739,                0.85084,                0.77978,                0.45348,                0.63949,                0.89707,              0.0073977,              0.0073977,              0.0073977
                    186,                0.63884,                0.63251,                 1.0604,                0.76261,                0.80513,                0.85066,                0.78098,                0.45304,                0.63979,                0.89668,              0.0073836,              0.0073836,              0.0073836
                    187,                0.63405,                0.63115,                 1.0562,                0.77682,                0.78941,                0.85072,                0.78125,                0.45299,                0.63949,                0.89652,              0.0073694,              0.0073694,              0.0073694
                    188,                 0.6341,                0.62186,                 1.0566,                0.77491,                0.78987,                0.85122,                0.78078,                0.45289,                0.63901,                0.89645,              0.0073553,              0.0073553,              0.0073553
                    189,                0.63616,                0.62543,                 1.0621,                0.77351,                0.78987,                0.85119,                0.78087,                0.45244,                0.63982,                0.89618,              0.0073411,              0.0073411,              0.0073411
                    190,                0.62964,                0.62084,                 1.0564,                0.76214,                0.80375,                0.85134,                0.78202,                 0.4524,                0.63978,                0.89615,               0.007327,               0.007327,               0.007327
                    191,                0.63016,                0.61437,                 1.0592,                0.76037,                0.80437,                0.85133,                0.78221,                0.45199,                0.63969,                0.89579,              0.0073129,              0.0073129,              0.0073129
                    192,                0.62912,                0.62281,                 1.0505,                0.75858,                0.80621,                0.85185,                0.78276,                0.45188,                0.63962,                0.89551,              0.0072987,              0.0072987,              0.0072987
                    193,                0.62578,                0.62626,                 1.0536,                0.75695,                0.80813,                0.85182,                0.78217,                0.45159,                0.64005,                 0.8953,              0.0072846,              0.0072846,              0.0072846
                    194,                0.63225,                0.61088,                 1.0514,                0.76136,                0.80981,                0.85157,                 0.7821,                0.45168,                0.63994,                0.89535,              0.0072704,              0.0072704,              0.0072704
                    195,                0.62911,                0.62169,                 1.0534,                0.76104,                0.80946,                0.85133,                0.78145,                0.45162,                0.63962,                0.89505,              0.0072563,              0.0072563,              0.0072563
                    196,                0.62749,                 0.6205,                 1.0549,                0.75838,                0.80959,                0.85155,                0.78123,                0.45144,                 0.6393,                0.89504,              0.0072421,              0.0072421,              0.0072421
                    197,                 0.6281,                0.60689,                 1.0527,                0.75752,                0.80894,                0.85118,                0.78195,                0.45129,                0.63959,                0.89474,               0.007228,               0.007228,               0.007228
                    198,                0.63016,                0.60706,                 1.0604,                0.76064,                0.80894,                0.85118,                0.78144,                0.45121,                0.63916,                0.89476,              0.0072139,              0.0072139,              0.0072139
                    199,                0.62895,                0.61377,                   1.05,                0.75469,                0.81078,                0.85125,                0.78173,                 0.4511,                0.63901,                0.89469,              0.0071997,              0.0071997,              0.0071997
                    200,                0.62171,                0.60626,                 1.0506,                 0.7539,                0.81078,                0.85148,                0.78191,                0.45093,                0.63868,                0.89452,              0.0071856,              0.0071856,              0.0071856
                    201,                0.62434,                0.60295,                 1.0485,                0.75548,                0.81002,                0.85161,                0.78217,                0.45086,                0.63829,                0.89424,              0.0071714,              0.0071714,              0.0071714
                    202,                0.62724,                0.59795,                 1.0454,                0.75757,                0.81462,                0.85156,                0.78223,                0.45058,                0.63884,                0.89389,              0.0071573,              0.0071573,              0.0071573
                    203,                0.62804,                0.61244,                 1.0526,                0.75533,                 0.8124,                0.85152,                0.78281,                0.45046,                0.63865,                0.89361,              0.0071431,              0.0071431,              0.0071431
                    204,                0.62436,                0.59411,                 1.0453,                0.75605,                 0.8124,                0.85131,                0.78323,                0.45034,                0.63823,                0.89342,               0.007129,               0.007129,               0.007129
                    205,                0.62826,                0.60325,                 1.0524,                0.75605,                0.81186,                0.85127,                0.78293,                 0.4501,                0.63773,                 0.8931,              0.0071149,              0.0071149,              0.0071149
                    206,                0.62581,                0.60463,                 1.0525,                0.75786,                0.81129,                0.85105,                0.78247,                0.44983,                0.63779,                0.89284,              0.0071007,              0.0071007,              0.0071007
                    207,                0.62604,                0.60427,                 1.0543,                0.75988,                0.80985,                0.85131,                 0.7824,                0.44953,                0.63776,                0.89253,              0.0070866,              0.0070866,              0.0070866
                    208,                0.62126,                0.59263,                 1.0505,                0.76045,                0.81013,                0.85143,                 0.7827,                0.44943,                0.63719,                0.89228,              0.0070724,              0.0070724,              0.0070724
                    209,                 0.6309,                0.60613,                 1.0528,                0.76183,                0.81013,                0.85158,                0.78341,                0.44932,                0.63811,                0.89207,              0.0070583,              0.0070583,              0.0070583
                    210,                0.62618,                0.60298,                 1.0499,                0.75877,                0.81125,                0.85126,                0.78276,                0.44927,                0.63799,                0.89195,              0.0070441,              0.0070441,              0.0070441
                    211,                 0.6224,                0.60398,                 1.0454,                0.75755,                0.81132,                0.85091,                0.78277,                0.44906,                0.63891,                 0.8917,                0.00703,                0.00703,                0.00703
                    212,                0.62335,                0.59774,                 1.0439,                0.75776,                0.81215,                0.85118,                0.78234,                0.44903,                0.63878,                0.89158,              0.0070159,              0.0070159,              0.0070159
                    213,                 0.6176,                0.59261,                 1.0459,                 0.7561,                0.81212,                0.85117,                0.78244,                0.44895,                0.63859,                0.89137,              0.0070017,              0.0070017,              0.0070017
                    214,                0.61835,                0.60257,                 1.0445,                0.75864,                0.80862,                0.85112,                0.78208,                0.44876,                0.63935,                0.89113,              0.0069876,              0.0069876,              0.0069876
                    215,                0.62719,                0.59639,                 1.0446,                0.75891,                0.80933,                0.85113,                0.78245,                0.44867,                0.63937,                0.89093,              0.0069734,              0.0069734,              0.0069734
                    216,                0.61558,                0.59061,                 1.0433,                0.77879,                0.78262,                0.85105,                0.78244,                0.44866,                0.63939,                0.89085,              0.0069593,              0.0069593,              0.0069593
                    217,                0.61624,                0.58419,                  1.044,                0.78028,                0.78364,                0.85113,                0.78216,                0.44842,                0.63883,                0.89057,              0.0069451,              0.0069451,              0.0069451
                    218,                0.61137,                 0.5917,                 1.0407,                0.79552,                0.77736,                0.85121,                0.78231,                0.44826,                 0.6383,                0.89051,               0.006931,               0.006931,               0.006931
                    219,                0.61832,                0.59171,                 1.0384,                0.79121,                0.77862,                0.85124,                0.78215,                0.44847,                0.63851,                0.89044,              0.0069169,              0.0069169,              0.0069169
                    220,                0.60718,                0.59577,                 1.0417,                0.79318,                0.77907,                0.85103,                0.78192,                0.44816,                0.63878,                0.89012,              0.0069027,              0.0069027,              0.0069027
                    221,                0.62489,                0.58375,                 1.0455,                0.79282,                0.77905,                 0.8509,                 0.7817,                0.44814,                0.63829,                0.88982,              0.0068886,              0.0068886,              0.0068886
                    222,                0.61617,                0.58037,                 1.0356,                0.79242,                0.77993,                0.85098,                0.78197,                0.44786,                 0.6386,                0.88956,              0.0068744,              0.0068744,              0.0068744
                    223,                 0.6183,                0.59121,                 1.0414,                0.79303,                  0.779,                0.85101,                0.78204,                0.44788,                0.63883,                0.88945,              0.0068603,              0.0068603,              0.0068603
                    224,                0.60416,                0.57474,                  1.036,                0.79424,                0.78024,                0.85112,                0.78238,                0.44768,                0.63855,                0.88921,              0.0068461,              0.0068461,              0.0068461
                    225,                0.60873,                0.57722,                 1.0386,                0.79302,                0.78078,                0.85094,                0.78216,                0.44756,                0.63846,                0.88898,               0.006832,               0.006832,               0.006832
                    226,                0.61676,                0.59255,                 1.0387,                0.79552,                0.77869,                 0.8509,                0.78231,                0.44768,                0.63873,                0.88894,              0.0068179,              0.0068179,              0.0068179
                    227,                0.61705,                0.58444,                 1.0423,                0.79627,                0.77651,                0.85077,                0.78239,                 0.4476,                0.63911,                0.88873,              0.0068037,              0.0068037,              0.0068037
                    228,                0.61093,                0.58124,                 1.0444,                0.79686,                0.77647,                0.85055,                0.78197,                0.44752,                0.63942,                0.88871,              0.0067896,              0.0067896,              0.0067896
                    229,                0.61445,                0.57724,                 1.0361,                0.79348,                0.77831,                0.85067,                 0.7824,                0.44743,                0.63999,                0.88851,              0.0067754,              0.0067754,              0.0067754
                    230,                0.61144,                0.57704,                 1.0397,                0.78461,                 0.7833,                0.85073,                0.78267,                 0.4473,                0.63981,                0.88843,              0.0067613,              0.0067613,              0.0067613
                    231,                0.60511,                0.57979,                 1.0295,                0.79852,                0.77624,                0.85099,                0.78284,                0.44699,                 0.6401,                0.88822,              0.0067471,              0.0067471,              0.0067471
                    232,                0.60631,                0.57747,                 1.0351,                0.79818,                0.77575,                0.85111,                0.78287,                0.44724,                0.63977,                0.88813,               0.006733,               0.006733,               0.006733
                    233,                0.61177,                0.56888,                 1.0419,                0.80587,                0.76874,                0.85111,                 0.7825,                0.44718,                0.64058,                0.88812,              0.0067189,              0.0067189,              0.0067189
                    234,                0.60025,                0.57032,                 1.0345,                0.78891,                0.78123,                 0.8511,                0.78266,                0.44702,                0.64047,                0.88791,              0.0067047,              0.0067047,              0.0067047
                    235,                0.61358,                0.57677,                 1.0324,                0.79484,                0.77685,                0.85127,                0.78278,                0.44685,                0.64082,                0.88769,              0.0066906,              0.0066906,              0.0066906
                    236,                0.61401,                0.58042,                 1.0398,                0.79152,                0.77877,                0.85118,                0.78217,                0.44693,                0.64101,                0.88762,              0.0066764,              0.0066764,              0.0066764
                    237,                0.61411,                0.57494,                 1.0366,                0.78941,                0.78175,                0.85121,                0.78198,                0.44678,                0.64113,                0.88744,              0.0066623,              0.0066623,              0.0066623
                    238,                0.60323,                0.57318,                 1.0305,                 0.7887,                0.78168,                0.85104,                0.78223,                0.44703,                0.64147,                0.88722,              0.0066481,              0.0066481,              0.0066481
                    239,                0.60943,                0.57039,                 1.0341,                0.78833,                0.78295,                0.85089,                0.78197,                0.44704,                0.64213,                0.88716,               0.006634,               0.006634,               0.006634
                    240,                0.59645,                0.56133,                 1.0277,                0.76925,                0.80444,                0.85059,                0.78332,                0.44705,                0.64268,                0.88707,              0.0066199,              0.0066199,              0.0066199
                    241,                0.60627,                0.56473,                 1.0336,                 0.7761,                0.80046,                0.85066,                0.78164,                0.44696,                0.64353,                 0.8869,              0.0066057,              0.0066057,              0.0066057
                    242,                0.60624,                0.57199,                 1.0367,                0.77729,                0.79913,                0.85055,                0.78248,                0.44698,                0.64443,                0.88663,              0.0065916,              0.0065916,              0.0065916
                    243,                0.60591,                0.57085,                 1.0316,                0.77911,                0.79859,                0.85025,                0.78248,                0.44686,                0.64506,                0.88635,              0.0065774,              0.0065774,              0.0065774
                    244,                0.60399,                0.56827,                 1.0303,                0.77603,                0.79967,                0.85031,                0.78235,                0.44688,                0.64559,                0.88633,              0.0065633,              0.0065633,              0.0065633
                    245,                0.60303,                0.56517,                 1.0325,                0.77386,                0.80367,                0.85002,                0.78186,                0.44678,                0.64596,                0.88619,              0.0065491,              0.0065491,              0.0065491
                    246,                0.59882,                0.56405,                 1.0267,                0.77321,                0.80367,                0.85015,                0.78178,                0.44688,                0.64572,                0.88602,               0.006535,               0.006535,               0.006535
                    247,                0.60212,                0.56174,                 1.0296,                0.77453,                0.80313,                0.85019,                0.78162,                0.44694,                0.64591,                0.88584,              0.0065209,              0.0065209,              0.0065209
                    248,                0.60502,                0.56903,                 1.0273,                0.77564,                0.80144,                0.85011,                0.78111,                0.44701,                0.64623,                0.88575,              0.0065067,              0.0065067,              0.0065067
                    249,                0.59289,                0.56042,                 1.0265,                0.77575,                0.80194,                0.85005,                0.78138,                0.44697,                0.64626,                0.88565,              0.0064926,              0.0064926,              0.0064926
                    250,                0.60171,                0.56049,                 1.0261,                0.77742,                0.80118,                0.85023,                 0.7815,                0.44692,                0.64615,                0.88553,              0.0064784,              0.0064784,              0.0064784
                    251,                0.60574,                 0.5617,                 1.0302,                0.77828,                0.80147,                 0.8503,                0.78091,                0.44711,                0.64553,                0.88543,              0.0064643,              0.0064643,              0.0064643
                    252,                0.60097,                0.56098,                 1.0295,                0.77954,                0.79643,                0.85061,                0.78161,                0.44701,                0.64524,                0.88538,              0.0064501,              0.0064501,              0.0064501
                    253,                0.60613,                 0.5605,                 1.0312,                0.78056,                0.79686,                0.85082,                0.78194,                0.44701,                 0.6451,                0.88519,               0.006436,               0.006436,               0.006436
                    254,                0.60404,                0.55799,                 1.0294,                0.78489,                0.79135,                0.85081,                0.78222,                0.44703,                0.64524,                0.88503,              0.0064219,              0.0064219,              0.0064219
                    255,                0.59334,                0.56448,                 1.0255,                0.78397,                0.79108,                 0.8506,                0.78197,                0.44712,                0.64604,                0.88474,              0.0064077,              0.0064077,              0.0064077
                    256,                 0.5957,                0.54893,                 1.0246,                0.78431,                 0.7907,                0.85088,                0.78154,                0.44696,                0.64554,                0.88445,              0.0063936,              0.0063936,              0.0063936
                    257,                  0.601,                0.56017,                 1.0283,                  0.783,                 0.7907,                0.85065,                0.78103,                0.44698,                0.64578,                0.88432,              0.0063794,              0.0063794,              0.0063794
                    258,                0.59793,                0.55198,                 1.0269,                0.78311,                0.79074,                0.85058,                 0.7823,                0.44718,                0.64567,                0.88429,              0.0063653,              0.0063653,              0.0063653
                    259,                0.60269,                0.56171,                 1.0282,                0.78518,                 0.7907,                0.85025,                0.78169,                0.44732,                 0.6459,                0.88404,              0.0063511,              0.0063511,              0.0063511
                    260,                0.60094,                0.56057,                 1.0322,                0.78437,                 0.7909,                0.85037,                0.78169,                0.44715,                  0.645,                0.88396,               0.006337,               0.006337,               0.006337
                    261,                0.59361,                0.55124,                 1.0243,                0.78626,                0.79005,                0.85045,                0.78181,                0.44698,                0.64538,                0.88387,              0.0063229,              0.0063229,              0.0063229
                    262,                0.59416,                0.54752,                 1.0227,                0.78783,                0.79018,                0.85074,                0.78236,                0.44721,                0.64528,                0.88379,              0.0063087,              0.0063087,              0.0063087
                    263,                0.58582,                0.54762,                 1.0208,                0.80686,                0.77943,                0.85082,                 0.7823,                0.44724,                0.64486,                0.88368,              0.0062946,              0.0062946,              0.0062946
                    264,                0.60373,                0.56072,                 1.0268,                0.78925,                0.78976,                0.85097,                0.78257,                0.44707,                0.64512,                0.88363,              0.0062804,              0.0062804,              0.0062804
                    265,                0.60034,                0.55337,                 1.0249,                 0.7889,                0.78987,                0.85099,                0.78257,                0.44735,                0.64525,                0.88357,              0.0062663,              0.0062663,              0.0062663
                    266,                 0.6018,                0.55155,                 1.0226,                0.80261,                0.78238,                  0.851,                0.78262,                 0.4472,                0.64563,                0.88339,              0.0062521,              0.0062521,              0.0062521
                    267,                0.59348,                0.54877,                 1.0218,                0.80036,                0.78488,                0.85101,                0.78292,                0.44709,                0.64576,                0.88337,               0.006238,               0.006238,               0.006238
                    268,                0.59746,                 0.5463,                 1.0208,                0.79661,                0.78302,                0.85084,                0.78243,                0.44702,                0.64628,                0.88321,              0.0062239,              0.0062239,              0.0062239
                    269,                0.59677,                 0.5433,                 1.0208,                0.79638,                0.78407,                0.85086,                0.78247,                0.44703,                0.64686,                0.88303,              0.0062097,              0.0062097,              0.0062097
                    270,                0.59008,                0.54336,                 1.0167,                0.79443,                0.78527,                0.85084,                0.78271,                0.44702,                0.64644,                0.88297,              0.0061956,              0.0061956,              0.0061956
                    271,                0.58707,                 0.5366,                 1.0226,                0.77749,                0.80112,                0.85103,                0.78326,                0.44683,                0.64723,                0.88271,              0.0061814,              0.0061814,              0.0061814
                    272,                0.58954,                0.54548,                 1.0216,                0.78685,                0.79275,                0.85087,                0.78344,                0.44685,                0.64737,                0.88264,              0.0061673,              0.0061673,              0.0061673
                    273,                0.58604,                0.54201,                 1.0157,                0.78724,                0.78908,                0.85082,                0.78359,                 0.4471,                0.64794,                0.88233,              0.0061531,              0.0061531,              0.0061531
                    274,                 0.5923,                0.54082,                 1.0206,                0.77214,                0.80522,                0.85071,                0.78332,                0.44676,                0.64844,                0.88204,               0.006139,               0.006139,               0.006139
                    275,                0.59318,                0.54218,                 1.0239,                0.77316,                0.80811,                0.85069,                0.78302,                0.44668,                0.64724,                0.88192,              0.0061249,              0.0061249,              0.0061249
                    276,                0.58861,                 0.5483,                 1.0137,                0.77401,                0.80811,                0.85041,                0.78335,                0.44652,                0.64741,                0.88171,              0.0061107,              0.0061107,              0.0061107
                    277,                 0.5902,                0.53851,                 1.0146,                0.77373,                0.80627,                0.85053,                 0.7831,                0.44667,                0.64768,                0.88172,              0.0060966,              0.0060966,              0.0060966
                    278,                0.58559,                0.54346,                  1.018,                0.77219,                0.80865,                0.85074,                0.78372,                0.44651,                0.64781,                0.88143,              0.0060824,              0.0060824,              0.0060824
                    279,                0.59135,                0.54386,                 1.0165,                0.77321,                0.80671,                0.85078,                0.78411,                0.44659,                0.64783,                0.88126,              0.0060683,              0.0060683,              0.0060683
                    280,                0.58644,                0.53576,                 1.0162,                0.77379,                0.80516,                0.85096,                0.78365,                0.44646,                0.64857,                0.88109,              0.0060541,              0.0060541,              0.0060541
                    281,                 0.5893,                0.53346,                 1.0157,                0.77446,                0.80515,                 0.8509,                0.78431,                0.44631,                0.64893,                0.88097,                0.00604,                0.00604,                0.00604
                    282,                0.59268,                0.54317,                 1.0182,                 0.7743,                0.80495,                  0.851,                0.78413,                0.44644,                0.64903,                0.88072,              0.0060259,              0.0060259,              0.0060259
                    283,                0.58312,                0.53596,                 1.0145,                0.77355,                0.80548,                0.85129,                0.78389,                0.44643,                0.64923,                0.88068,              0.0060117,              0.0060117,              0.0060117
                    284,                0.58774,                0.54184,                 1.0184,                0.77443,                0.80577,                0.85126,                0.78436,                0.44647,                0.64923,                0.88071,              0.0059976,              0.0059976,              0.0059976
                    285,                0.58963,                0.53497,                 1.0104,                0.77541,                0.80548,                0.85098,                0.78415,                0.44618,                0.64952,                0.88051,              0.0059834,              0.0059834,              0.0059834
                    286,                0.59262,                0.53704,                 1.0172,                 0.7753,                0.80519,                0.85077,                0.78383,                 0.4463,                0.64917,                 0.8805,              0.0059693,              0.0059693,              0.0059693
                    287,                0.58284,                0.53575,                 1.0162,                0.77457,                0.80519,                0.85088,                0.78411,                0.44611,                 0.6496,                0.88031,              0.0059551,              0.0059551,              0.0059551
                    288,                 0.5838,                  0.529,                 1.0109,                0.77311,                0.80529,                0.85121,                0.78469,                0.44605,                0.64933,                0.88024,               0.005941,               0.005941,               0.005941
                    289,                 0.5939,                0.53829,                  1.016,                0.77246,                0.80563,                0.85086,                0.78413,                0.44615,                0.64961,                0.88015,              0.0059269,              0.0059269,              0.0059269
                    290,                0.58454,                0.52715,                 1.0106,                0.77284,                0.80638,                0.85089,                0.78427,                0.44597,                0.64992,                0.88009,              0.0059127,              0.0059127,              0.0059127
                    291,                0.58135,                0.52826,                 1.0087,                0.77035,                 0.8093,                0.85097,                0.78407,                 0.4462,                0.64995,                0.88005,              0.0058986,              0.0058986,              0.0058986
                    292,                0.57631,                0.52561,                 1.0039,                0.77032,                 0.8093,                0.85094,                0.78432,                0.44577,                0.65004,                0.87981,              0.0058844,              0.0058844,              0.0058844
                    293,                0.58153,                 0.5249,                 1.0073,                 0.7707,                0.80741,                 0.8509,                 0.7843,                0.44593,                0.65077,                0.87969,              0.0058703,              0.0058703,              0.0058703
                    294,                0.58876,                0.53442,                 1.0151,                 0.7709,                0.80806,                0.85123,                 0.7843,                0.44592,                0.65124,                 0.8796,              0.0058561,              0.0058561,              0.0058561
                    295,                 0.5821,                0.52935,                 1.0093,                0.76999,                0.80721,                 0.8511,                0.78464,                0.44595,                0.65165,                0.87944,               0.005842,               0.005842,               0.005842
                    296,                0.58048,                0.52482,                  1.007,                0.76764,                0.81356,                0.85131,                0.78514,                0.44559,                0.65233,                0.87923,              0.0058279,              0.0058279,              0.0058279
                    297,                0.58069,                0.52545,                 1.0114,                0.76785,                0.81204,                0.85095,                0.78465,                0.44575,                0.65266,                0.87922,              0.0058137,              0.0058137,              0.0058137
                    298,                0.57993,                0.52419,                 1.0053,                0.76624,                0.81283,                0.85106,                0.78447,                0.44575,                0.65314,                 0.8791,              0.0057996,              0.0057996,              0.0057996
                    299,                0.58668,                 0.5334,                 1.0112,                0.76752,                0.81092,                0.85093,                0.78448,                0.44578,                0.65298,                0.87901,              0.0057854,              0.0057854,              0.0057854
                    300,                0.57866,                0.52188,                 1.0035,                0.76164,                0.81483,                0.85089,                0.78473,                0.44574,                0.65333,                0.87873,              0.0057713,              0.0057713,              0.0057713
                    301,                 0.5771,                0.52209,                  1.007,                0.76146,                0.81548,                0.85097,                0.78469,                0.44566,                0.65348,                0.87848,              0.0057571,              0.0057571,              0.0057571
                    302,                0.57917,                0.52133,                 1.0094,                0.76062,                0.81878,                0.85117,                0.78478,                0.44538,                0.65411,                0.87848,               0.005743,               0.005743,               0.005743
                    303,                 0.5736,                0.52155,                 1.0034,                0.75979,                0.82001,                0.85118,                0.78474,                0.44535,                0.65383,                0.87831,              0.0057289,              0.0057289,              0.0057289
                    304,                0.58098,                0.52447,                 1.0114,                 0.7591,                0.82103,                0.85142,                0.78506,                0.44537,                0.65401,                 0.8783,              0.0057147,              0.0057147,              0.0057147
                    305,                0.57154,                0.52045,                 1.0019,                 0.7597,                0.82028,                0.85137,                0.78533,                 0.4453,                 0.6542,                0.87817,              0.0057006,              0.0057006,              0.0057006
                    306,                0.57491,                0.52068,                 1.0079,                0.75791,                0.82077,                0.85144,                0.78549,                0.44497,                0.65397,                0.87794,              0.0056864,              0.0056864,              0.0056864
                    307,                0.57557,                0.51775,                 1.0083,                0.75801,                0.82131,                0.85149,                0.78522,                0.44499,                0.65362,                 0.8779,              0.0056723,              0.0056723,              0.0056723
                    308,                0.57465,                0.51512,                 1.0054,                0.75808,                0.82131,                0.85138,                0.78542,                 0.4448,                0.65426,                0.87769,              0.0056581,              0.0056581,              0.0056581
                    309,                0.57219,                0.51527,                 1.0044,                0.75881,                0.82077,                 0.8514,                  0.785,                0.44477,                0.65405,                 0.8776,               0.005644,               0.005644,               0.005644
                    310,                0.57553,                0.51507,                 1.0039,                0.75956,                0.82105,                 0.8514,                0.78597,                 0.4447,                0.65393,                0.87745,              0.0056299,              0.0056299,              0.0056299
                    311,                0.57775,                0.51551,                 1.0112,                0.75877,                0.82077,                0.85133,                0.78628,                0.44477,                0.65321,                0.87728,              0.0056157,              0.0056157,              0.0056157
                    312,                0.57836,                0.51699,                  1.008,                0.75833,                0.82097,                0.85136,                 0.7857,                0.44494,                0.65272,                0.87724,              0.0056016,              0.0056016,              0.0056016
                    313,                0.57188,                0.50948,                 1.0058,                0.75895,                0.82114,                0.85154,                0.78607,                0.44483,                0.65194,                0.87705,              0.0055874,              0.0055874,              0.0055874
                    314,                0.57809,                0.51526,                 1.0106,                0.75884,                0.82122,                0.85162,                0.78685,                0.44494,                0.65183,                0.87695,              0.0055733,              0.0055733,              0.0055733
                    315,                0.57452,                0.51424,                 1.0048,                0.81633,                0.76366,                0.85163,                0.78644,                0.44482,                0.65147,                0.87685,              0.0055591,              0.0055591,              0.0055591
                    316,                0.57553,                0.51888,                 1.0082,                0.81738,                0.76347,                0.85214,                0.78716,                0.44484,                0.65189,                0.87676,               0.005545,               0.005545,               0.005545
                    317,                0.57218,                 0.5103,                 1.0048,                0.81805,                0.76384,                0.85188,                0.78736,                 0.4449,                 0.6525,                 0.8766,              0.0055309,              0.0055309,              0.0055309
                    318,                0.57403,                 0.5171,                 1.0047,                0.81854,                0.76402,                0.85211,                0.78771,                0.44522,                0.65252,                0.87648,              0.0055167,              0.0055167,              0.0055167
                    319,                0.57347,                0.51143,                 1.0018,                0.82028,                0.76396,                  0.852,                0.78744,                0.44529,                 0.6526,                0.87647,              0.0055026,              0.0055026,              0.0055026
                    320,                0.57474,                0.51307,                 1.0049,                0.81951,                0.76438,                0.85221,                0.78769,                0.44515,                0.65303,                0.87636,              0.0054884,              0.0054884,              0.0054884
                    321,                0.57288,                0.51554,                 1.0058,                0.81973,                0.76501,                0.85217,                0.78782,                0.44494,                0.65352,                0.87627,              0.0054743,              0.0054743,              0.0054743
                    322,                0.57506,                0.50594,                 1.0031,                0.81687,                0.76712,                 0.8518,                0.78715,                0.44526,                0.65296,                0.87629,              0.0054601,              0.0054601,              0.0054601
                    323,                0.57022,                 0.5131,                 1.0068,                 0.8195,                0.76649,                0.85204,                0.78733,                0.44511,                0.65334,                0.87608,               0.005446,               0.005446,               0.005446
                    324,                0.56904,                0.50968,                0.99973,                 0.8148,                   0.77,                0.85223,                0.78767,                  0.445,                0.65351,                0.87602,              0.0054319,              0.0054319,              0.0054319
                    325,                 0.5652,                0.50807,                 1.0015,                0.81711,                0.76869,                0.85259,                0.78761,                0.44515,                0.65335,                0.87593,              0.0054177,              0.0054177,              0.0054177
                    326,                0.56825,                0.50474,                0.99851,                0.82293,                 0.7654,                0.85276,                0.78771,                0.44515,                0.65345,                0.87588,              0.0054036,              0.0054036,              0.0054036
                    327,                0.57167,                0.50502,                  1.003,                0.82234,                0.76638,                 0.8527,                0.78774,                0.44522,                0.65329,                0.87577,              0.0053894,              0.0053894,              0.0053894
                    328,                0.56882,                 0.5161,                 1.0017,                 0.8223,                0.76611,                0.85249,                0.78771,                0.44523,                0.65323,                0.87574,              0.0053753,              0.0053753,              0.0053753
                    329,                0.56869,                0.50704,                0.99773,                0.82238,                0.76557,                0.85224,                0.78711,                0.44527,                0.65303,                 0.8756,              0.0053611,              0.0053611,              0.0053611
                    330,                0.57013,                0.50643,                0.99885,                0.81807,                0.76827,                0.85227,                0.78761,                0.44507,                0.65259,                0.87547,               0.005347,               0.005347,               0.005347
                    331,                0.56819,                0.50658,                0.99532,                 0.8184,                0.76773,                0.85234,                0.78768,                0.44515,                0.65236,                0.87543,              0.0053329,              0.0053329,              0.0053329
                    332,                0.57811,                0.50978,                 1.0064,                0.81728,                0.76882,                0.85239,                0.78769,                  0.445,                0.65215,                0.87521,              0.0053187,              0.0053187,              0.0053187
                    333,                0.56811,                0.50177,                 1.0002,                0.81421,                0.76971,                0.85221,                0.78748,                0.44497,                0.65266,                0.87503,              0.0053046,              0.0053046,              0.0053046
                    334,                0.56495,                0.50092,                0.99709,                 0.8136,                0.77022,                0.85229,                0.78778,                0.44502,                0.65294,                0.87492,              0.0052904,              0.0052904,              0.0052904
                    335,                0.56461,                0.49837,                 1.0002,                0.81438,                0.76958,                0.85192,                0.78731,                0.44506,                0.65305,                0.87485,              0.0052763,              0.0052763,              0.0052763
                    336,                 0.5664,                0.50167,                 1.0019,                0.81089,                0.77562,                0.85201,                0.78729,                0.44499,                0.65339,                0.87476,              0.0052621,              0.0052621,              0.0052621
                    337,                0.55793,                0.49321,                 0.9963,                0.81411,                0.77245,                0.85204,                0.78755,                0.44469,                0.65405,                0.87463,               0.005248,               0.005248,               0.005248
                    338,                0.56627,                0.49721,                0.99544,                0.81753,                0.77081,                0.85218,                0.78785,                 0.4447,                0.65385,                0.87427,              0.0052339,              0.0052339,              0.0052339
                    339,                0.56397,                0.50275,                 1.0016,                0.81659,                0.77173,                0.85201,                0.78739,                0.44468,                 0.6536,                0.87413,              0.0052197,              0.0052197,              0.0052197
                    340,                0.56584,                0.50067,                0.99939,                0.81918,                0.77069,                0.85211,                0.78765,                0.44443,                0.65308,                  0.874,              0.0052056,              0.0052056,              0.0052056
                    341,                0.56461,                0.50091,                0.99717,                 0.8142,                0.76906,                0.85197,                0.78813,                0.44448,                 0.6529,                  0.874,              0.0051914,              0.0051914,              0.0051914
                    342,                0.55704,                0.49397,                0.99102,                  0.811,                0.77089,                0.85168,                0.78819,                 0.4443,                0.65318,                0.87394,              0.0051773,              0.0051773,              0.0051773
                    343,                0.56344,                0.49779,                0.99683,                0.81227,                 0.7692,                0.85154,                0.78772,                0.44423,                0.65365,                0.87374,              0.0051631,              0.0051631,              0.0051631
                    344,                0.56337,                0.49553,                0.99401,                0.80929,                0.77111,                0.85187,                0.78818,                0.44418,                0.65353,                0.87354,               0.005149,               0.005149,               0.005149
                    345,                0.56218,                0.48977,                0.99558,                0.80876,                 0.7701,                 0.8517,                0.78809,                0.44393,                0.65366,                0.87332,              0.0051349,              0.0051349,              0.0051349
                    346,                0.56636,                0.49072,                0.99726,                0.80948,                0.76957,                0.85174,                0.78784,                0.44412,                 0.6536,                0.87326,              0.0051207,              0.0051207,              0.0051207
                    347,                0.56323,                0.49622,                0.99749,                 0.8072,                0.76957,                0.85194,                0.78855,                0.44399,                 0.6537,                0.87325,              0.0051066,              0.0051066,              0.0051066
                    348,                0.56404,                0.49379,                0.99841,                0.80875,                0.77209,                0.85206,                0.78842,                0.44393,                0.65316,                 0.8731,              0.0050924,              0.0050924,              0.0050924
                    349,                0.56383,                0.49215,                0.99718,                0.81009,                0.77107,                 0.8523,                0.78906,                0.44422,                0.65389,                0.87313,              0.0050783,              0.0050783,              0.0050783
                    350,                0.55235,                 0.4873,                0.99459,                0.80914,                 0.7725,                0.85219,                 0.7891,                0.44429,                0.65363,                0.87301,              0.0050641,              0.0050641,              0.0050641
                    351,                0.55816,                0.49911,                0.99269,                0.80957,                0.77395,                0.85233,                0.78888,                0.44435,                0.65446,                0.87307,                0.00505,                0.00505,                0.00505
                    352,                0.56573,                 0.4968,                 1.0015,                0.81018,                0.77282,                0.85239,                 0.7891,                0.44414,                0.65478,                0.87302,              0.0050359,              0.0050359,              0.0050359
                    353,                  0.559,                0.48851,                0.99654,                0.81158,                 0.7711,                0.85256,                0.78916,                0.44403,                0.65403,                0.87292,              0.0050217,              0.0050217,              0.0050217
                    354,                0.55429,                0.48986,                0.99483,                0.81297,                0.76834,                0.85258,                0.78932,                0.44379,                0.65446,                0.87284,              0.0050076,              0.0050076,              0.0050076
                    355,                0.55606,                0.49144,                0.99797,                0.78864,                0.79287,                0.85281,                0.78998,                 0.4435,                0.65486,                0.87273,              0.0049934,              0.0049934,              0.0049934
                    356,                0.56294,                0.49015,                0.99807,                 0.7852,                0.79459,                0.85278,                 0.7897,                0.44326,                0.65457,                0.87273,              0.0049793,              0.0049793,              0.0049793
                    357,                0.55697,                0.48911,                0.99281,                 0.7874,                0.79553,                0.85279,                 0.7897,                0.44324,                0.65502,                0.87272,              0.0049651,              0.0049651,              0.0049651
                    358,                  0.559,                0.48814,                0.99343,                0.78697,                0.79714,                0.85267,                0.78857,                0.44296,                0.65486,                 0.8726,               0.004951,               0.004951,               0.004951
                    359,                0.55503,                0.48503,                0.99135,                0.78915,                0.79242,                0.85262,                0.78881,                0.44296,                 0.6542,                0.87262,              0.0049369,              0.0049369,              0.0049369
                    360,                0.55306,                0.48179,                0.98988,                0.79054,                0.79199,                0.85257,                0.79001,                0.44311,                0.65444,                0.87267,              0.0049227,              0.0049227,              0.0049227
                    361,                0.55514,                 0.4766,                0.99235,                0.78909,                0.79184,                0.85255,                0.78869,                 0.4431,                0.65412,                0.87245,              0.0049086,              0.0049086,              0.0049086
                    362,                0.55718,                0.49336,                0.99076,                0.78972,                0.79305,                0.85264,                0.78827,                0.44309,                0.65404,                0.87234,              0.0048944,              0.0048944,              0.0048944
                    363,                0.55124,                0.48329,                0.98488,                0.78689,                0.79941,                0.85257,                0.78731,                0.44327,                0.65367,                0.87235,              0.0048803,              0.0048803,              0.0048803
                    364,                0.55304,                0.48419,                0.99323,                0.78418,                0.80141,                 0.8525,                0.78762,                0.44336,                0.65331,                0.87233,              0.0048661,              0.0048661,              0.0048661
                    365,                0.54783,                0.47852,                 0.9923,                0.78381,                    0.8,                0.85248,                0.78821,                0.44324,                0.65278,                0.87228,               0.004852,               0.004852,               0.004852
                    366,                0.55743,                0.48682,                0.99578,                 0.7839,                0.80075,                0.85241,                0.78765,                0.44333,                 0.6533,                0.87213,              0.0048379,              0.0048379,              0.0048379
                    367,                0.55483,                0.47753,                0.99596,                0.78208,                 0.8011,                0.85223,                0.78727,                0.44322,                0.65267,                0.87188,              0.0048237,              0.0048237,              0.0048237
                    368,                0.54796,                0.48124,                0.98547,                0.79986,                0.78051,                0.85231,                0.78732,                 0.4433,                 0.6521,                0.87177,              0.0048096,              0.0048096,              0.0048096
                    369,                0.55409,                0.48375,                0.99264,                0.80141,                0.77822,                0.85243,                0.78854,                0.44338,                0.65222,                0.87161,              0.0047954,              0.0047954,              0.0047954
                    370,                0.55456,                0.48176,                0.99171,                0.81499,                0.77015,                0.85223,                0.78953,                0.44337,                0.65207,                 0.8716,              0.0047813,              0.0047813,              0.0047813
                    371,                0.55351,                 0.4734,                 0.9898,                0.81544,                0.76969,                0.85234,                0.78908,                0.44343,                0.65205,                0.87161,              0.0047671,              0.0047671,              0.0047671
                    372,                 0.5533,                0.48289,                0.99671,                0.77988,                0.80238,                0.85224,                0.78884,                 0.4437,                 0.6519,                0.87153,               0.004753,               0.004753,               0.004753
                    373,                0.55454,                0.47872,                0.98894,                0.80129,                0.77887,                0.85228,                0.78932,                 0.4436,                0.65225,                0.87145,              0.0047389,              0.0047389,              0.0047389
                    374,                0.54738,                0.48336,                0.98971,                 0.7816,                0.80219,                0.85202,                0.78868,                0.44383,                 0.6525,                0.87147,              0.0047247,              0.0047247,              0.0047247
                    375,                 0.5545,                0.47466,                0.98916,                0.78125,                0.80243,                0.85197,                0.78932,                0.44385,                0.65313,                0.87139,              0.0047106,              0.0047106,              0.0047106
                    376,                0.54526,                0.47953,                0.99164,                0.78439,                0.79945,                0.85236,                 0.7882,                0.44381,                0.65232,                0.87146,              0.0046964,              0.0046964,              0.0046964
                    377,                 0.5449,                 0.4794,                0.98512,                0.78451,                0.79899,                0.85216,                0.78786,                0.44381,                0.65272,                0.87142,              0.0046823,              0.0046823,              0.0046823
                    378,                0.54628,                0.48484,                 0.9874,                 0.7839,                0.79877,                0.85231,                0.78736,                0.44385,                0.65243,                0.87127,              0.0046681,              0.0046681,              0.0046681
                    379,                0.54851,                0.47352,                0.98463,                0.78453,                0.79854,                0.85255,                0.78766,                 0.4437,                 0.6509,                0.87124,               0.004654,               0.004654,               0.004654
                    380,                0.54637,                0.47358,                0.98281,                0.78352,                0.79886,                0.85245,                0.78824,                0.44391,                0.65049,                0.87118,              0.0046399,              0.0046399,              0.0046399
                    381,                0.54783,                0.47429,                0.98693,                0.80104,                0.77669,                0.85271,                0.78922,                0.44374,                0.64979,                0.87106,              0.0046257,              0.0046257,              0.0046257
                    382,                0.55582,                0.47454,                 0.9886,                0.80206,                0.78049,                 0.8527,                0.78894,                0.44371,                0.64924,                0.87094,              0.0046116,              0.0046116,              0.0046116
                    383,                0.55263,                0.47891,                0.98782,                0.80513,                0.77968,                0.85279,                0.78869,                0.44381,                0.64918,                0.87091,              0.0045974,              0.0045974,              0.0045974
                    384,                0.54697,                0.47704,                  0.988,                0.80471,                0.77961,                0.85314,                0.78883,                0.44377,                0.64898,                0.87086,              0.0045833,              0.0045833,              0.0045833
                    385,                0.54447,                0.48163,                0.98488,                0.80193,                0.77786,                0.85304,                0.78915,                0.44355,                0.64846,                0.87067,              0.0045691,              0.0045691,              0.0045691
                    386,                0.54581,                0.46961,                0.98584,                0.80263,                0.77785,                 0.8531,                0.79005,                0.44333,                0.64778,                0.87061,               0.004555,               0.004555,               0.004555
                    387,                0.54678,                 0.4713,                0.98552,                0.80293,                0.77718,                0.85312,                0.78931,                 0.4434,                0.64722,                0.87044,              0.0045409,              0.0045409,              0.0045409
                    388,                0.54658,                0.47311,                0.98409,                0.80131,                0.77732,                0.85329,                0.78955,                0.44341,                0.64651,                0.87027,              0.0045267,              0.0045267,              0.0045267
                    389,                0.55498,                0.47661,                0.98816,                0.79965,                0.77843,                0.85349,                0.78963,                0.44315,                0.64616,                0.87003,              0.0045126,              0.0045126,              0.0045126
                    390,                0.54229,                0.46793,                0.98698,                0.79991,                0.77889,                0.85375,                0.78977,                0.44312,                0.64573,                0.87004,              0.0044984,              0.0044984,              0.0044984
                    391,                0.54861,                0.46829,                0.99065,                0.79822,                 0.7784,                0.85365,                0.79022,                0.44305,                0.64606,                0.87003,              0.0044843,              0.0044843,              0.0044843
                    392,                0.54743,                0.46582,                 0.9826,                0.79758,                0.77872,                0.85402,                0.79029,                0.44301,                0.64562,                0.86987,              0.0044701,              0.0044701,              0.0044701
                    393,                0.53512,                0.45817,                0.98249,                 0.7985,                0.77923,                0.85386,                0.78951,                 0.4427,                0.64601,                0.86972,               0.004456,               0.004456,               0.004456
                    394,                0.54223,                0.46838,                0.98215,                0.79674,                0.77894,                0.85364,                0.78997,                0.44278,                0.64635,                0.86963,              0.0044419,              0.0044419,              0.0044419
                    395,                0.55183,                0.47208,                0.98954,                0.79521,                0.77991,                0.85391,                0.79133,                 0.4427,                0.64584,                0.86944,              0.0044277,              0.0044277,              0.0044277
                    396,                0.53967,                0.46745,                0.98045,                0.79793,                0.78098,                0.85383,                0.79116,                0.44254,                0.64573,                0.86932,              0.0044136,              0.0044136,              0.0044136
                    397,                0.54243,                0.46651,                 0.9886,                0.79674,                0.78261,                0.85381,                0.79056,                0.44257,                0.64469,                0.86926,              0.0043994,              0.0043994,              0.0043994
                    398,                0.54168,                0.46716,                0.98465,                0.79835,                0.78256,                0.85373,                0.79188,                0.44269,                0.64458,                0.86912,              0.0043853,              0.0043853,              0.0043853
                    399,                0.54412,                0.46809,                0.98778,                0.79736,                0.78363,                0.85356,                 0.7916,                0.44275,                0.64422,                0.86908,              0.0043711,              0.0043711,              0.0043711
                    400,                0.54619,                0.46747,                0.98745,                0.79584,                0.78424,                0.85361,                0.79167,                0.44264,                0.64416,                 0.8689,               0.004357,               0.004357,               0.004357
                    401,                0.54627,                0.45817,                0.98613,                0.79733,                0.78478,                 0.8536,                0.79169,                0.44231,                0.64451,                0.86874,              0.0043429,              0.0043429,              0.0043429
                    402,                0.54308,                0.46083,                0.98168,                0.79693,                0.78481,                0.85342,                0.79176,                0.44212,                0.64372,                0.86859,              0.0043287,              0.0043287,              0.0043287
                    403,                0.53891,                0.46505,                0.97969,                 0.7969,                0.78551,                0.85351,                 0.7919,                0.44222,                0.64383,                0.86847,              0.0043146,              0.0043146,              0.0043146
                    404,                0.53668,                0.46216,                 0.9756,                0.79536,                0.78543,                0.85362,                0.79132,                0.44233,                0.64382,                0.86835,              0.0043004,              0.0043004,              0.0043004
                    405,                0.54318,                0.46729,                0.98322,                0.79076,                0.79109,                  0.854,                0.79157,                0.44231,                0.64357,                0.86826,              0.0042863,              0.0042863,              0.0042863
                    406,                0.53412,                0.45565,                0.97769,                0.79325,                0.79272,                0.85398,                0.79173,                0.44206,                0.64378,                0.86807,              0.0042721,              0.0042721,              0.0042721
                    407,                0.54057,                0.45865,                0.98661,                 0.7925,                0.79308,                 0.8539,                0.79168,                0.44225,                0.64357,                0.86789,               0.004258,               0.004258,               0.004258
                    408,                 0.5374,                0.45978,                0.98067,                0.79335,                0.79377,                 0.8539,                 0.7917,                0.44214,                0.64388,                0.86778,              0.0042439,              0.0042439,              0.0042439
                    409,                0.53772,                0.46367,                0.97833,                0.79371,                0.79303,                0.85363,                0.79148,                0.44221,                0.64423,                0.86761,              0.0042297,              0.0042297,              0.0042297
                    410,                0.54064,                0.46107,                0.97996,                0.79187,                0.79542,                0.85385,                 0.7915,                0.44218,                0.64392,                0.86734,              0.0042156,              0.0042156,              0.0042156
                    411,                0.54409,                0.47078,                0.98849,                0.79129,                0.79529,                0.85381,                0.79124,                0.44202,                0.64387,                0.86724,              0.0042014,              0.0042014,              0.0042014
                    412,                0.53254,                0.46554,                0.98149,                0.79112,                0.79596,                  0.854,                 0.7914,                0.44185,                0.64392,                0.86708,              0.0041873,              0.0041873,              0.0041873
                    413,                0.54094,                0.46672,                0.97887,                0.79002,                0.79553,                0.85399,                0.79139,                0.44162,                0.64288,                0.86684,              0.0041731,              0.0041731,              0.0041731
                    414,                0.53869,                0.45904,                0.97541,                0.79043,                0.79531,                0.85382,                0.79146,                0.44151,                0.64325,                0.86674,               0.004159,               0.004159,               0.004159
                    415,                0.53354,                0.45158,                0.97654,                 0.7896,                 0.7967,                0.85396,                0.79181,                0.44137,                 0.6432,                0.86663,              0.0041449,              0.0041449,              0.0041449
                    416,                0.53483,                 0.4551,                0.97555,                0.79234,                0.79401,                0.85424,                0.79231,                0.44116,                0.64269,                0.86642,              0.0041307,              0.0041307,              0.0041307
                    417,                0.53526,                0.45883,                0.97876,                0.79441,                0.79401,                0.85407,                 0.7919,                0.44118,                0.64266,                0.86629,              0.0041166,              0.0041166,              0.0041166
                    418,                0.53137,                0.45626,                0.97461,                0.79417,                0.79401,                0.85412,                0.79119,                0.44117,                0.64285,                0.86602,              0.0041024,              0.0041024,              0.0041024
                    419,                0.53609,                0.45176,                0.98121,                0.79472,                0.79383,                0.85402,                0.79126,                0.44129,                0.64275,                0.86594,              0.0040883,              0.0040883,              0.0040883
                    420,                0.53855,                0.46506,                0.97939,                0.79453,                0.79289,                0.85409,                0.79109,                0.44122,                0.64289,                0.86581,              0.0040741,              0.0040741,              0.0040741
                    421,                0.53457,                0.44681,                0.97714,                0.79262,                0.79466,                0.85405,                0.79106,                0.44135,                0.64303,                0.86566,                0.00406,                0.00406,                0.00406
                    422,                0.53044,                0.44906,                0.98346,                0.79196,                0.79518,                 0.8541,                0.79112,                0.44134,                0.64309,                0.86557,              0.0040459,              0.0040459,              0.0040459
                    423,                0.53416,                0.45674,                0.97593,                0.79211,                0.79358,                0.85404,                0.79105,                0.44144,                0.64296,                0.86551,              0.0040317,              0.0040317,              0.0040317
                    424,                0.53852,                0.45125,                0.98012,                0.79604,                0.79129,                0.85404,                 0.7909,                0.44142,                0.64338,                0.86547,              0.0040176,              0.0040176,              0.0040176
                    425,                0.53534,                0.45367,                0.97965,                0.79709,                0.79267,                0.85401,                0.79145,                0.44139,                0.64326,                0.86537,              0.0040034,              0.0040034,              0.0040034
                    426,                0.53234,                0.44334,                0.97641,                0.79397,                0.79358,                0.85402,                0.79118,                0.44136,                0.64281,                0.86531,              0.0039893,              0.0039893,              0.0039893
                    427,                0.52794,                0.45029,                0.97327,                0.79126,                0.79412,                0.85411,                0.79104,                0.44164,                0.64245,                0.86511,              0.0039751,              0.0039751,              0.0039751
                    428,                 0.5335,                 0.4555,                0.97727,                 0.7922,                0.79293,                0.85379,                0.79032,                0.44151,                0.64267,                0.86484,               0.003961,               0.003961,               0.003961
                    429,                0.52814,                0.44644,                0.97474,                0.79144,                0.79358,                0.85353,                0.79042,                0.44144,                0.64268,                0.86465,              0.0039469,              0.0039469,              0.0039469
                    430,                0.53492,                 0.4523,                0.97609,                0.79082,                0.79335,                 0.8537,                   0.79,                 0.4414,                0.64276,                0.86456,              0.0039327,              0.0039327,              0.0039327
                    431,                0.52903,                0.44939,                0.97095,                0.79045,                0.79411,                0.85376,                0.79029,                0.44119,                0.64257,                 0.8643,              0.0039186,              0.0039186,              0.0039186
                    432,                0.53198,                0.45407,                0.97268,                0.78978,                0.79455,                0.85359,                 0.7899,                0.44124,                0.64279,                0.86412,              0.0039044,              0.0039044,              0.0039044
                    433,                0.52614,                0.45172,                0.97008,                0.78978,                0.79543,                0.85366,                0.78957,                0.44105,                0.64288,                0.86391,              0.0038903,              0.0038903,              0.0038903
                    434,                0.52991,                0.45038,                0.97114,                0.79002,                0.79625,                0.85381,                 0.7898,                0.44133,                0.64246,                0.86378,              0.0038761,              0.0038761,              0.0038761
                    435,                 0.5296,                0.45971,                 0.9753,                0.78984,                0.79677,                 0.8537,                0.78991,                 0.4412,                0.64219,                0.86368,               0.003862,               0.003862,               0.003862
                    436,                0.52688,                0.44899,                0.97052,                0.79042,                0.79679,                0.85371,                0.79003,                0.44125,                0.64184,                 0.8634,              0.0038479,              0.0038479,              0.0038479
                    437,                0.53099,                 0.4454,                0.97541,                0.79074,                0.79681,                0.85403,                0.79006,                 0.4412,                0.64171,                0.86328,              0.0038337,              0.0038337,              0.0038337
                    438,                0.52959,                0.45057,                0.98023,                0.78948,                0.79688,                0.85439,                0.79022,                0.44111,                0.64238,                0.86302,              0.0038196,              0.0038196,              0.0038196
                    439,                0.53423,                0.44911,                0.97763,                0.79121,                0.79644,                0.85451,                0.79067,                0.44107,                0.64221,                0.86305,              0.0038054,              0.0038054,              0.0038054
                    440,                0.52562,                0.44412,                0.97653,                0.78747,                0.79829,                0.85426,                0.79021,                 0.4409,                0.64179,                 0.8628,              0.0037913,              0.0037913,              0.0037913
                    441,                 0.5314,                0.43954,                0.97182,                0.79054,                0.79566,                0.85438,                0.79007,                0.44077,                0.64273,                0.86265,              0.0037771,              0.0037771,              0.0037771
                    442,                0.52754,                 0.4438,                0.97402,                0.79147,                0.79455,                0.85448,                0.79016,                0.44084,                 0.6426,                0.86234,               0.003763,               0.003763,               0.003763
                    443,                 0.5225,                0.44021,                0.96645,                0.79046,                 0.7952,                0.85416,                0.78961,                0.44077,                0.64247,                0.86202,              0.0037489,              0.0037489,              0.0037489
                    444,                0.53308,                0.45005,                0.97537,                0.78762,                 0.7979,                0.85405,                0.79019,                0.44082,                0.64204,                0.86191,              0.0037347,              0.0037347,              0.0037347
                    445,                0.52639,                0.44364,                0.96957,                0.78854,                 0.7979,                 0.8541,                0.78965,                0.44062,                0.64212,                0.86174,              0.0037206,              0.0037206,              0.0037206
                    446,                0.52578,                 0.4374,                0.97004,                0.78821,                 0.7979,                0.85435,                0.79042,                0.44082,                0.64217,                0.86158,              0.0037064,              0.0037064,              0.0037064
                    447,                0.52261,                0.44488,                0.97344,                0.78864,                0.79736,                0.85424,                0.79079,                0.44082,                0.64277,                0.86138,              0.0036923,              0.0036923,              0.0036923
                    448,                0.52128,                0.43238,                0.97277,                0.78824,                 0.7979,                 0.8544,                0.79125,                 0.4408,                0.64224,                0.86111,              0.0036781,              0.0036781,              0.0036781
                    449,                0.52414,                0.44118,                0.97341,                0.78831,                 0.7979,                0.85444,                0.79035,                0.44083,                0.64228,                0.86099,               0.003664,               0.003664,               0.003664
                    450,                0.52106,                0.43505,                0.96929,                0.78772,                0.79736,                0.85463,                0.79178,                 0.4407,                0.64231,                0.86081,              0.0036499,              0.0036499,              0.0036499
                    451,                0.52256,                0.44316,                0.97086,                0.78977,                0.79736,                0.85461,                0.79184,                0.44076,                0.64232,                0.86078,              0.0036357,              0.0036357,              0.0036357
                    452,                0.53353,                0.44287,                0.97752,                0.79253,                 0.7986,                 0.8544,                0.79175,                0.44073,                0.64294,                0.86071,              0.0036216,              0.0036216,              0.0036216
                    453,                0.52454,                0.43822,                0.96931,                0.79394,                0.79794,                0.85414,                0.79114,                 0.4407,                0.64251,                0.86066,              0.0036074,              0.0036074,              0.0036074
                    454,                0.52523,                0.44484,                0.97001,                0.79213,                0.79926,                0.85432,                 0.7915,                0.44089,                0.64276,                0.86051,              0.0035933,              0.0035933,              0.0035933
                    455,                0.53195,                0.44087,                0.97214,                0.79201,                0.79908,                0.85413,                0.79159,                0.44077,                0.64196,                 0.8602,              0.0035791,              0.0035791,              0.0035791
                    456,                0.52863,                0.44053,                0.97307,                0.79273,                0.79892,                0.85412,                  0.791,                0.44066,                0.64173,                0.86002,               0.003565,               0.003565,               0.003565
                    457,                0.51889,                 0.4302,                0.96708,                0.79316,                0.79892,                0.85407,                0.79104,                0.44055,                0.64203,                0.85986,              0.0035509,              0.0035509,              0.0035509
                    458,                0.50957,                0.43269,                 0.9638,                0.79305,                0.79838,                0.85362,                 0.7909,                0.44049,                0.64237,                0.85984,              0.0035367,              0.0035367,              0.0035367
                    459,                0.51969,                0.44091,                0.97032,                0.79436,                0.79912,                0.85337,                0.79027,                 0.4406,                0.64202,                0.85972,              0.0035226,              0.0035226,              0.0035226
                    460,                 0.5199,                0.43251,                0.96971,                0.79448,                0.79963,                0.85338,                0.79013,                0.44058,                0.64207,                0.85978,              0.0035084,              0.0035084,              0.0035084
                    461,                0.51895,                0.42916,                0.96703,                0.79375,                    0.8,                0.85333,                0.79072,                0.44073,                0.64139,                0.85975,              0.0034943,              0.0034943,              0.0034943
                    462,                0.51475,                0.42838,                0.96502,                 0.7959,                 0.7985,                0.85341,                0.79047,                0.44067,                0.64079,                0.85951,              0.0034801,              0.0034801,              0.0034801
                    463,                0.52079,                0.42908,                  0.964,                0.79297,                0.80156,                0.85334,                0.79025,                0.44046,                0.64048,                0.85931,               0.003466,               0.003466,               0.003466
                    464,                0.52077,                0.43934,                0.97123,                0.79256,                0.80114,                0.85346,                0.79041,                0.44036,                0.64052,                0.85918,              0.0034519,              0.0034519,              0.0034519
                    465,                0.52238,                0.43085,                0.96505,                0.79192,                0.80239,                0.85339,                0.79049,                0.44019,                0.64047,                0.85907,              0.0034377,              0.0034377,              0.0034377
                    466,                 0.5178,                0.43369,                0.96921,                0.79114,                0.80292,                0.85309,                0.79008,                0.44029,                0.64061,                  0.859,              0.0034236,              0.0034236,              0.0034236
                    467,                0.52005,                0.42909,                0.96719,                 0.7928,                0.80227,                 0.8532,                0.79025,                0.44036,                0.64061,                0.85892,              0.0034094,              0.0034094,              0.0034094
                    468,                0.51496,                0.44189,                0.96831,                 0.7944,                0.80162,                0.85272,                0.78998,                0.44032,                 0.6407,                 0.8589,              0.0033953,              0.0033953,              0.0033953
                    469,                0.50935,                0.42673,                0.96753,                0.79437,                0.80227,                0.85279,                0.79037,                0.44029,                0.64073,                0.85882,              0.0033811,              0.0033811,              0.0033811
                    470,                0.51383,                0.42792,                0.96969,                 0.7932,                0.80149,                0.85277,                0.79009,                0.44022,                0.64192,                0.85881,               0.003367,               0.003367,               0.003367
                    471,                0.51219,                0.42708,                0.96369,                0.79265,                0.80126,                0.85296,                0.78991,                0.44031,                0.64213,                 0.8587,              0.0033529,              0.0033529,              0.0033529
                    472,                0.51883,                 0.4335,                0.96914,                0.79113,                0.80189,                0.85261,                0.78985,                0.44017,                0.64298,                0.85859,              0.0033387,              0.0033387,              0.0033387
                    473,                0.51664,                0.42839,                0.96394,                0.79067,                0.80108,                0.85296,                0.79035,                0.44021,                0.64303,                0.85845,              0.0033246,              0.0033246,              0.0033246
                    474,                0.51278,                0.42892,                0.96594,                0.79147,                0.80119,                0.85265,                0.78989,                0.44037,                0.64275,                0.85829,              0.0033104,              0.0033104,              0.0033104
                    475,                 0.5217,                0.43302,                0.96697,                0.78836,                0.80357,                0.85249,                 0.7903,                0.44038,                0.64308,                0.85816,              0.0032963,              0.0032963,              0.0032963
                    476,                 0.5136,                0.43238,                0.97508,                0.78814,                0.80379,                0.85262,                0.79024,                0.44023,                 0.6428,                0.85822,              0.0032821,              0.0032821,              0.0032821
                    477,                0.51672,                0.42689,                0.96934,                0.78791,                0.80329,                0.85263,                0.78981,                0.44036,                0.64225,                0.85834,               0.003268,               0.003268,               0.003268
                    478,                 0.5135,                  0.429,                0.96524,                 0.7872,                  0.804,                0.85243,                0.78997,                0.44037,                0.64209,                 0.8582,              0.0032539,              0.0032539,              0.0032539
                    479,                0.51183,                0.42534,                 0.9668,                0.78632,                0.80346,                0.85245,                0.79003,                0.44052,                0.64266,                0.85819,              0.0032397,              0.0032397,              0.0032397
                    480,                0.50781,                0.42964,                0.95911,                0.78562,                0.80281,                0.85243,                0.79006,                0.44044,                0.64236,                0.85808,              0.0032256,              0.0032256,              0.0032256
                    481,                0.50823,                0.42587,                0.96031,                0.78498,                0.80411,                 0.8522,                0.78991,                0.44038,                0.64231,                0.85786,              0.0032114,              0.0032114,              0.0032114
                    482,                0.51139,                0.42203,                 0.9619,                0.78537,                0.80371,                0.85176,                0.78919,                0.44035,                0.64254,                0.85785,              0.0031973,              0.0031973,              0.0031973
                    483,                0.51194,                 0.4217,                0.96336,                0.78669,                0.80234,                0.85152,                0.78912,                0.44006,                0.64264,                 0.8578,              0.0031831,              0.0031831,              0.0031831
                    484,                0.50854,                0.42001,                0.96348,                0.82038,                0.77122,                 0.8516,                0.78963,                0.44013,                0.64228,                0.85771,               0.003169,               0.003169,               0.003169
                    485,                 0.5161,                 0.4217,                0.96381,                 0.8205,                0.77097,                 0.8514,                0.78961,                0.43993,                0.64288,                0.85751,              0.0031549,              0.0031549,              0.0031549
                    486,                 0.5148,                0.42682,                0.96585,                0.82308,                0.76989,                0.85166,                0.78958,                0.43993,                0.64368,                0.85741,              0.0031407,              0.0031407,              0.0031407
                    487,                0.51209,                0.42423,                0.96185,                0.81838,                0.77173,                0.85126,                0.78967,                0.43994,                0.64387,                0.85724,              0.0031266,              0.0031266,              0.0031266
                    488,                0.51196,                 0.4253,                0.96735,                0.82019,                0.77342,                0.85123,                0.78991,                 0.4398,                0.64404,                0.85711,              0.0031124,              0.0031124,              0.0031124
                    489,                 0.5127,                0.42218,                0.96758,                 0.8191,                0.77191,                 0.8513,                0.78982,                0.43977,                0.64379,                0.85707,              0.0030983,              0.0030983,              0.0030983
                    490,                0.50904,                0.42375,                0.96479,                0.82064,                0.77207,                0.85125,                 0.7892,                0.43968,                0.64348,                0.85692,              0.0030841,              0.0030841,              0.0030841
                    491,                0.51039,                0.41627,                0.96482,                0.81972,                0.77123,                0.85124,                0.78885,                0.43957,                0.64253,                 0.8568,                0.00307,                0.00307,                0.00307
                    492,                0.51013,                0.41616,                0.96118,                 0.8188,                0.76875,                 0.8514,                0.78909,                0.43965,                0.64218,                 0.8566,              0.0030559,              0.0030559,              0.0030559
                    493,                0.50312,                0.42476,                0.95769,                0.81823,                0.77321,                0.85131,                0.78925,                0.43933,                 0.6416,                0.85638,              0.0030417,              0.0030417,              0.0030417
                    494,                0.50551,                0.41459,                0.96211,                0.81674,                0.77455,                0.85132,                0.78966,                0.43933,                 0.6407,                0.85613,              0.0030276,              0.0030276,              0.0030276
                    495,                0.50704,                0.42289,                0.96185,                0.81724,                0.77506,                0.85117,                0.78886,                0.43928,                0.64021,                0.85593,              0.0030134,              0.0030134,              0.0030134
                    496,                0.51081,                0.41887,                0.96449,                0.81551,                0.77528,                0.85102,                0.78917,                 0.4393,                 0.6397,                0.85579,              0.0029993,              0.0029993,              0.0029993
                    497,                0.50438,                0.41227,                   0.96,                0.81713,                0.77454,                0.85081,                0.78897,                0.43942,                0.63958,                0.85577,              0.0029851,              0.0029851,              0.0029851
                    498,                0.50774,                0.42302,                0.96101,                0.81643,                0.77618,                0.85067,                0.78884,                0.43942,                0.63903,                0.85568,               0.002971,               0.002971,               0.002971
                    499,                0.50301,                0.41417,                 0.9575,                0.81331,                 0.7798,                0.85058,                0.78859,                0.43948,                0.63937,                0.85554,              0.0029569,              0.0029569,              0.0029569
                    500,                0.50376,                0.41051,                0.96313,                0.81335,                0.78149,                0.85056,                0.78816,                0.43922,                0.63968,                0.85542,              0.0029427,              0.0029427,              0.0029427
                    501,                0.50207,                0.41723,                0.96137,                0.81418,                0.78162,                0.85054,                0.78786,                0.43931,                0.63929,                0.85528,              0.0029286,              0.0029286,              0.0029286
                    502,                0.50833,                0.41976,                0.96313,                0.81677,                0.77665,                0.85024,                0.78813,                0.43906,                0.63908,                0.85524,              0.0029144,              0.0029144,              0.0029144
                    503,                0.51151,                0.41176,                0.96243,                0.81346,                 0.7834,                0.85013,                 0.7874,                0.43922,                0.63941,                0.85519,              0.0029003,              0.0029003,              0.0029003
                    504,                0.50504,                0.41504,                0.95752,                0.81527,                0.78202,                0.85022,                0.78794,                0.43918,                0.63961,                0.85501,              0.0028861,              0.0028861,              0.0028861
                    505,                0.50688,                0.41446,                0.96038,                0.81455,                0.78419,                 0.8504,                  0.788,                0.43929,                0.63978,                0.85491,               0.002872,               0.002872,               0.002872
                    506,                0.50466,                 0.4079,                0.96161,                0.81351,                0.78168,                0.85032,                0.78765,                0.43938,                0.63999,                0.85496,              0.0028579,              0.0028579,              0.0028579
                    507,                0.50323,                0.40698,                0.95882,                 0.8151,                0.78183,                0.85027,                0.78732,                0.43941,                0.64008,                 0.8549,              0.0028437,              0.0028437,              0.0028437
                    508,                0.49725,                0.41454,                0.95694,                0.81563,                0.78144,                0.85023,                0.78772,                 0.4395,                0.63994,                0.85491,              0.0028296,              0.0028296,              0.0028296
                    509,                0.49777,                0.40296,                0.95523,                0.81459,                0.78054,                0.85017,                0.78752,                 0.4395,                0.64047,                 0.8549,              0.0028154,              0.0028154,              0.0028154
                    510,                0.49643,                0.40108,                0.95377,                0.81651,                0.77872,                0.84988,                0.78716,                0.43944,                0.64004,                0.85478,              0.0028013,              0.0028013,              0.0028013
                    511,                0.49609,                0.41081,                0.95832,                0.81501,                0.77865,                0.84951,                 0.7871,                0.43942,                0.64051,                0.85481,              0.0027871,              0.0027871,              0.0027871
                    512,                0.49896,                 0.4074,                0.95784,                0.81507,                0.77811,                0.84908,                0.78652,                0.43947,                0.64096,                0.85495,               0.002773,               0.002773,               0.002773
                    513,                0.50131,                0.40747,                0.95593,                0.82032,                0.77494,                0.84876,                0.78623,                0.43943,                0.64099,                0.85496,              0.0027589,              0.0027589,              0.0027589
                    514,                0.49796,                0.40653,                0.95593,                0.81323,                0.78074,                0.84892,                0.78657,                0.43966,                  0.641,                0.85505,              0.0027447,              0.0027447,              0.0027447
                    515,                0.49615,                0.40548,                0.95113,                0.81366,                0.78038,                0.84878,                0.78613,                0.43974,                0.64141,                0.85493,              0.0027306,              0.0027306,              0.0027306
                    516,                0.49618,                0.40284,                0.95604,                0.81574,                0.77919,                0.84877,                0.78609,                0.43963,                0.64143,                0.85477,              0.0027164,              0.0027164,              0.0027164
