                  epoch,         train/box_loss,         train/cls_loss,         train/dfl_loss,   metrics/precision(B),      metrics/recall(B),       metrics/mAP50(B),    metrics/mAP50-95(B),           val/box_loss,           val/cls_loss,           val/dfl_loss,                 lr/pg0,                 lr/pg1,                 lr/pg2
                      1,                 3.0448,                 3.9792,                 3.9595,                0.01068,                 0.0335,                0.00369,                0.00108,                  2.813,                 3.8987,                 3.8175,              0.0033247,              0.0033247,              0.0033247
                      2,                 2.2625,                 3.0652,                 2.9631,                  0.239,                0.30063,                0.16695,                0.07852,                 1.8746,                 2.4497,                 2.5317,              0.0066487,              0.0066487,              0.0066487
                      3,                 1.7446,                 2.4223,                 2.3061,                0.24493,                0.41301,                0.22884,                0.13363,                 1.4429,                 2.7644,                 1.9885,              0.0099631,              0.0099631,              0.0099631
                      4,                  1.494,                 2.0354,                 1.9806,                0.39129,                0.46768,                0.37098,                0.24671,                  1.168,                 1.7785,                 1.6522,              0.0099576,              0.0099576,              0.0099576
                      5,                 1.3763,                 1.7925,                 1.8243,                  0.456,                0.46819,                 0.4423,                0.27478,                 1.2083,                 1.7686,                 1.6217,              0.0099434,              0.0099434,              0.0099434
                      6,                 1.2895,                 1.6564,                 1.7155,                0.41224,                0.46255,                0.43873,                0.30233,                 1.1232,                 1.6118,                 1.5779,              0.0099293,              0.0099293,              0.0099293
                      7,                 1.2404,                 1.5472,                 1.6643,                0.50428,                0.50864,                0.53401,                0.40335,                0.87442,                 1.3833,                 1.3423,              0.0099151,              0.0099151,              0.0099151
                      8,                 1.2109,                 1.4964,                 1.6206,                0.52681,                0.60094,                0.55902,                0.41905,                0.94083,                 1.3218,                 1.3616,               0.009901,               0.009901,               0.009901
                      9,                 1.1826,                 1.4495,                 1.5877,                0.49409,                0.59577,                0.55337,                0.42284,                0.91787,                 1.4932,                 1.3315,              0.0098869,              0.0098869,              0.0098869
                     10,                 1.1516,                 1.4162,                 1.5586,                0.57798,                0.63495,                0.61402,                0.46907,                0.85798,                 1.2353,                 1.2905,              0.0098727,              0.0098727,              0.0098727
                     11,                 1.1146,                 1.3625,                 1.5266,                0.58755,                0.60666,                0.62857,                0.49343,                0.83496,                  1.386,                 1.2458,              0.0098586,              0.0098586,              0.0098586
                     12,                 1.0822,                 1.3216,                 1.4927,                0.60098,                0.63063,                0.64552,                 0.5109,                0.84615,                 1.1528,                 1.2589,              0.0098444,              0.0098444,              0.0098444
                     13,                 1.0682,                 1.3122,                 1.4705,                0.57479,                0.65892,                0.62548,                0.50176,                0.73049,                 1.1653,                 1.1801,              0.0098303,              0.0098303,              0.0098303
                     14,                 1.0359,                 1.2719,                 1.4444,                0.60321,                0.68718,                0.69215,                0.56271,                0.74911,                 1.0339,                 1.1788,              0.0098161,              0.0098161,              0.0098161
                     15,                 1.0169,                 1.2418,                 1.4311,                0.59019,                 0.6596,                0.68626,                0.55072,                0.78716,                 1.0744,                 1.2045,               0.009802,               0.009802,               0.009802
                     16,                 1.0057,                 1.2153,                 1.4183,                 0.6568,                0.70268,                0.71911,                0.60356,                0.68743,                0.96258,                 1.1472,              0.0097879,              0.0097879,              0.0097879
                     17,                0.97814,                 1.2014,                 1.3924,                0.60426,                0.63482,                 0.6825,                0.57706,                0.65612,                 1.0435,                 1.1106,              0.0097737,              0.0097737,              0.0097737
                     18,                0.96474,                 1.1635,                 1.3711,                0.64293,                0.69843,                 0.7456,                0.63114,                0.65799,                0.97449,                 1.1069,              0.0097596,              0.0097596,              0.0097596
                     19,                0.94744,                 1.1548,                 1.3671,                0.66981,                0.69742,                0.78197,                0.64544,                0.68418,                0.93508,                 1.1174,              0.0097454,              0.0097454,              0.0097454
                     20,                0.94146,                 1.1407,                 1.3475,                0.67601,                0.68961,                0.75927,                0.64899,                0.63292,                0.96264,                 1.0949,              0.0097313,              0.0097313,              0.0097313
                     21,                0.92426,                 1.1141,                 1.3381,                0.69535,                0.67637,                0.76144,                0.63435,                0.70639,                 0.8833,                 1.1464,              0.0097171,              0.0097171,              0.0097171
                     22,                 0.9216,                 1.1231,                 1.3301,                0.59927,                0.73177,                0.75349,                0.64691,                0.61196,                0.95119,                 1.0557,               0.009703,               0.009703,               0.009703
                     23,                0.89806,                 1.0885,                 1.3144,                0.68257,                0.69641,                0.75528,                0.65063,                0.62449,                0.94009,                 1.0834,              0.0096889,              0.0096889,              0.0096889
                     24,                0.89526,                 1.0782,                 1.3102,                 0.6638,                0.74286,                0.77525,                0.63167,                 0.7562,                0.88698,                  1.177,              0.0096747,              0.0096747,              0.0096747
                     25,                0.87349,                 1.0575,                 1.2841,                0.69262,                0.68322,                0.76027,                0.65915,                0.59812,                0.88069,                 1.0514,              0.0096606,              0.0096606,              0.0096606
                     26,                0.87688,                 1.0566,                 1.2884,                0.69717,                0.68742,                0.76308,                0.65902,                0.61098,                0.88313,                 1.0596,              0.0096464,              0.0096464,              0.0096464
                     27,                0.85482,                  1.028,                 1.2743,                0.63898,                 0.7178,                0.73684,                0.63413,                0.63706,                0.91319,                  1.075,              0.0096323,              0.0096323,              0.0096323
                     28,                0.86011,                 1.0329,                 1.2681,                0.69361,                0.73709,                0.79415,                0.64113,                 0.8037,                0.85817,                 1.1944,              0.0096181,              0.0096181,              0.0096181
                     29,                0.86156,                 1.0313,                  1.264,                0.70431,                0.69192,                0.78597,                 0.6838,                0.59057,                0.87454,                 1.0341,               0.009604,               0.009604,               0.009604
                     30,                0.84906,                 1.0289,                 1.2648,                0.76176,                0.74083,                0.82093,                0.71054,                0.60502,                0.77054,                 1.0479,              0.0095899,              0.0095899,              0.0095899
                     31,                0.83246,                 1.0035,                 1.2517,                0.73027,                0.70549,                0.79751,                0.69428,                0.59897,                0.81631,                 1.0379,              0.0095757,              0.0095757,              0.0095757
                     32,                0.84915,                0.98614,                 1.2636,                  0.715,                0.70891,                0.77297,                  0.655,                0.62894,                0.85923,                 1.0399,              0.0095616,              0.0095616,              0.0095616
                     33,                0.86709,                0.99794,                  1.266,                0.70294,                0.71582,                0.78909,                0.67974,                0.61483,                0.80747,                 1.0342,              0.0095474,              0.0095474,              0.0095474
                     34,                0.85208,                0.99108,                 1.2638,                0.71608,                0.71647,                0.80446,                0.70046,                0.60021,                0.79263,                 1.0284,              0.0095333,              0.0095333,              0.0095333
                     35,                0.83757,                0.97013,                 1.2428,                0.70067,                0.76938,                0.81338,                0.71225,                0.59672,                0.82699,                 1.0262,              0.0095191,              0.0095191,              0.0095191
                     36,                0.82887,                 0.9578,                 1.2444,                0.70401,                0.77306,                0.81048,                0.70465,                0.57673,                0.79447,                 1.0186,               0.009505,               0.009505,               0.009505
                     37,                0.82535,                0.95176,                 1.2404,                0.73599,                0.72734,                0.79752,                0.69873,                0.57616,                0.77844,                 1.0127,              0.0094909,              0.0094909,              0.0094909
                     38,                0.82294,                0.94953,                 1.2376,                0.73867,                0.72488,                0.82014,                0.71692,                0.58124,                0.75839,                 1.0185,              0.0094767,              0.0094767,              0.0094767
                     39,                0.82352,                0.94597,                 1.2343,                0.73437,                0.73791,                0.80069,                 0.6986,                0.58151,                0.78202,                 1.0189,              0.0094626,              0.0094626,              0.0094626
                     40,                0.82042,                0.95258,                 1.2342,                0.72851,                0.72196,                0.79526,                0.70044,                0.56948,                0.77069,                 1.0077,              0.0094484,              0.0094484,              0.0094484
                     41,                0.80159,                0.93161,                 1.2101,                0.78727,                0.70443,                0.81613,                0.71518,                0.57053,                0.77313,                 1.0088,              0.0094343,              0.0094343,              0.0094343
                     42,                0.79761,                 0.9297,                 1.2177,                0.72963,                0.71474,                 0.8016,                0.70269,                0.57206,                0.76397,                 1.0088,              0.0094201,              0.0094201,              0.0094201
                     43,                 0.8044,                0.91382,                 1.2133,                0.72885,                 0.7592,                 0.8238,                0.72688,                0.55571,                0.74159,                0.98869,               0.009406,               0.009406,               0.009406
                     44,                0.79987,                0.91905,                 1.2167,                0.76359,                0.75551,                0.82184,                0.72736,                0.55679,                0.73765,                0.99253,              0.0093919,              0.0093919,              0.0093919
                     45,                0.79961,                0.91088,                 1.2107,                0.79039,                0.72519,                0.83086,                0.73235,                0.56499,                0.73999,                 1.0036,              0.0093777,              0.0093777,              0.0093777
                     46,                0.78306,                0.89418,                 1.1952,                0.76556,                0.72386,                 0.8269,                0.73451,                0.54319,                0.72454,                0.97465,              0.0093636,              0.0093636,              0.0093636
                     47,                  0.788,                0.90097,                 1.2054,                0.78114,                0.72243,                0.82601,                0.72611,                0.56926,                0.73574,                 1.0004,              0.0093494,              0.0093494,              0.0093494
                     48,                0.79563,                0.89208,                 1.2004,                0.74966,                0.76105,                0.82547,                0.72622,                0.56874,                0.75691,                0.99517,              0.0093353,              0.0093353,              0.0093353
                     49,                0.78627,                0.88273,                 1.1961,                0.77954,                0.71963,                0.82459,                0.72903,                 0.5445,                0.74438,                0.98338,              0.0093211,              0.0093211,              0.0093211
                     50,                0.77298,                0.87998,                 1.1834,                0.75485,                0.74965,                0.83117,                0.73397,                0.53817,                 0.7376,                0.97172,               0.009307,               0.009307,               0.009307
                     51,                0.76672,                0.86795,                 1.1886,                0.72669,                0.78204,                0.83311,                0.73655,                0.54989,                0.71737,                 0.9882,              0.0092929,              0.0092929,              0.0092929
                     52,                0.76762,                0.86262,                 1.1843,                0.73071,                0.77923,                0.82244,                0.72505,                0.54819,                0.72168,                0.98108,              0.0092787,              0.0092787,              0.0092787
                     53,                0.76961,                0.86708,                 1.1821,                0.74571,                0.73877,                0.81608,                0.72797,                0.53096,                0.73921,                0.96969,              0.0092646,              0.0092646,              0.0092646
                     54,                0.76036,                0.85521,                  1.174,                0.79615,                0.75688,                0.84279,                0.74671,                0.53545,                0.70525,                0.96471,              0.0092504,              0.0092504,              0.0092504
                     55,                0.75931,                0.85503,                 1.1742,                0.75658,                0.77942,                0.83886,                0.74942,                0.52422,                0.70532,                0.95481,              0.0092363,              0.0092363,              0.0092363
                     56,                0.75132,                0.82985,                  1.168,                  0.777,                0.72812,                 0.8342,                0.74337,                0.53989,                0.69661,                0.97948,              0.0092221,              0.0092221,              0.0092221
                     57,                0.75786,                0.83785,                 1.1766,                0.74534,                0.77734,                0.83573,                0.74806,                0.52481,                0.70635,                0.96203,               0.009208,               0.009208,               0.009208
                     58,                0.75217,                0.83993,                 1.1619,                0.75159,                 0.7587,                0.82804,                0.74393,                0.52065,                0.71079,                 0.9531,              0.0091939,              0.0091939,              0.0091939
                     59,                0.75291,                0.84521,                 1.1698,                0.79454,                0.74823,                0.84597,                0.75524,                0.53214,                0.69079,                0.96025,              0.0091797,              0.0091797,              0.0091797
                     60,                0.75583,                0.84181,                 1.1682,                0.75914,                0.76416,                0.83262,                0.74649,                0.52019,                0.72182,                 0.9546,              0.0091656,              0.0091656,              0.0091656
                     61,                0.75405,                0.83817,                 1.1631,                0.74444,                0.79093,                0.84317,                0.75792,                0.52086,                0.68352,                0.95886,              0.0091514,              0.0091514,              0.0091514
                     62,                0.75113,                0.83753,                 1.1614,                0.73666,                0.78611,                0.84622,                  0.756,                 0.5326,                0.67687,                0.97271,              0.0091373,              0.0091373,              0.0091373
                     63,                0.75419,                0.82438,                 1.1597,                0.74037,                0.79389,                 0.8469,                 0.7598,                0.52592,                0.69394,                 0.9631,              0.0091231,              0.0091231,              0.0091231
                     64,                0.74263,                0.80773,                 1.1604,                0.75519,                0.78945,                0.83634,                0.74776,                0.52124,                0.68961,                0.95416,               0.009109,               0.009109,               0.009109
                     65,                0.73798,                0.80385,                 1.1524,                0.74313,                 0.7496,                0.83767,                0.74813,                0.52071,                0.69071,                0.95893,              0.0090949,              0.0090949,              0.0090949
                     66,                0.73623,                0.80431,                 1.1549,                0.76266,                0.75611,                0.83939,                0.75398,                0.52294,                0.68952,                0.95731,              0.0090807,              0.0090807,              0.0090807
                     67,                0.74338,                0.80686,                 1.1573,                0.78706,                0.76567,                0.84871,                 0.7637,                0.51999,                0.67509,                0.95123,              0.0090666,              0.0090666,              0.0090666
                     68,                0.72904,                0.79856,                 1.1484,                0.77667,                0.76683,                0.84919,                0.76113,                0.52695,                0.67328,                0.96342,              0.0090524,              0.0090524,              0.0090524
                     69,                0.74565,                0.80452,                 1.1513,                0.73841,                0.78123,                0.84749,                0.76259,                0.52676,                0.67024,                0.96133,              0.0090383,              0.0090383,              0.0090383
                     70,                0.73154,                0.80585,                 1.1477,                0.78548,                0.72189,                0.83988,                0.75751,                0.51892,                0.67257,                0.95197,              0.0090241,              0.0090241,              0.0090241
                     71,                0.72592,                0.79385,                 1.1409,                0.71746,                0.80067,                0.84265,                 0.7565,                0.51665,                0.66672,                0.94766,                0.00901,                0.00901,                0.00901
                     72,                0.72728,                0.78487,                 1.1443,                0.75616,                0.76621,                0.84742,                0.75586,                 0.5122,                0.70359,                0.94562,              0.0089959,              0.0089959,              0.0089959
                     73,                 0.7291,                0.78535,                  1.141,                0.77848,                0.73618,                0.83709,                0.74852,                0.52173,                0.68815,                0.95914,              0.0089817,              0.0089817,              0.0089817
                     74,                0.72132,                0.78608,                 1.1383,                0.78687,                0.75095,                0.84776,                0.75968,                0.52226,                 0.6726,                0.95798,              0.0089676,              0.0089676,              0.0089676
                     75,                0.71881,                0.77538,                 1.1434,                0.78944,                  0.735,                0.84643,                0.76101,                0.51438,                0.66739,                 0.9526,              0.0089534,              0.0089534,              0.0089534
                     76,                0.71869,                0.77861,                  1.139,                 0.7581,                0.80518,                0.85419,                0.76989,                0.51236,                 0.6633,                0.94389,              0.0089393,              0.0089393,              0.0089393
                     77,                0.71538,                0.76837,                 1.1316,                0.74429,                0.77456,                0.84421,                0.75888,                0.52277,                0.67607,                0.96075,              0.0089251,              0.0089251,              0.0089251
                     78,                0.71816,                0.77364,                  1.131,                0.72024,                0.81073,                0.84694,                0.76101,                 0.5086,                 0.6808,                0.94569,               0.008911,               0.008911,               0.008911
                     79,                0.71473,                0.76721,                 1.1342,                0.78352,                0.74809,                0.84546,                0.75614,                0.51134,                0.67153,                0.94276,              0.0088969,              0.0088969,              0.0088969
                     80,                0.71778,                 0.7657,                 1.1363,                0.78178,                0.74666,                0.84475,                0.75764,                0.50745,                0.67598,                0.93884,              0.0088827,              0.0088827,              0.0088827
                     81,                0.71289,                0.75535,                 1.1283,                0.74383,                0.79456,                0.85297,                0.76862,                0.50072,                0.66724,                0.93412,              0.0088686,              0.0088686,              0.0088686
                     82,                0.71534,                0.75689,                 1.1297,                0.76407,                0.76996,                0.84535,                0.75803,                0.50641,                0.68309,                0.93878,              0.0088544,              0.0088544,              0.0088544
                     83,                0.70269,                0.75472,                 1.1213,                0.77206,                0.74765,                0.84131,                0.75358,                0.50987,                0.68417,                0.93811,              0.0088403,              0.0088403,              0.0088403
                     84,                0.70221,                 0.7485,                  1.126,                0.77439,                0.74901,                0.84316,                0.76347,                 0.5077,                0.68202,                0.93738,              0.0088261,              0.0088261,              0.0088261
                     85,                0.70336,                0.74824,                 1.1216,                0.72114,                0.78844,                0.84465,                0.76122,                0.50247,                0.67965,                0.93377,               0.008812,               0.008812,               0.008812
                     86,                0.69729,                0.74512,                 1.1167,                0.71621,                0.78377,                0.84361,                0.76097,                0.50315,                0.67617,                0.93259,              0.0087979,              0.0087979,              0.0087979
                     87,                0.70681,                0.74531,                 1.1209,                0.77482,                0.71743,                0.83136,                0.74776,                0.50282,                0.69436,                0.93075,              0.0087837,              0.0087837,              0.0087837
                     88,                0.69716,                0.73923,                 1.1191,                0.75109,                0.77349,                0.84493,                0.76222,                 0.5005,                0.68099,                0.92786,              0.0087696,              0.0087696,              0.0087696
                     89,                 0.7024,                0.74203,                 1.1187,                0.71534,                0.81402,                0.84749,                0.76516,                0.49635,                0.67248,                0.92894,              0.0087554,              0.0087554,              0.0087554
                     90,                0.70034,                  0.742,                 1.1162,                 0.7106,                0.82348,                0.84821,                0.76758,                0.49731,                0.66108,                0.92771,              0.0087413,              0.0087413,              0.0087413
                     91,                0.68679,                0.72863,                 1.1102,                0.73553,                0.78966,                0.84714,                0.76736,                0.49279,                0.66048,                0.92665,              0.0087271,              0.0087271,              0.0087271
                     92,                 0.6955,                0.72522,                 1.1202,                0.74901,                 0.7659,                0.84943,                0.76691,                 0.4914,                0.65859,                0.92948,               0.008713,               0.008713,               0.008713
                     93,                0.69216,                0.72342,                 1.1084,                0.73645,                0.77958,                0.84397,                0.76539,                0.49159,                 0.6667,                0.92826,              0.0086989,              0.0086989,              0.0086989
                     94,                0.68872,                0.72497,                 1.1159,                0.77021,                0.75731,                0.84321,                0.76419,                0.49064,                0.67282,                 0.9264,              0.0086847,              0.0086847,              0.0086847
                     95,                0.67964,                0.70953,                  1.107,                0.77264,                0.75938,                0.85005,                   0.77,                0.48726,                0.65738,                0.92403,              0.0086706,              0.0086706,              0.0086706
                     96,                 0.6863,                0.71849,                 1.1035,                0.74524,                0.79474,                0.84585,                0.76526,                0.48845,                0.65282,                0.92284,              0.0086564,              0.0086564,              0.0086564
                     97,                0.68336,                0.72489,                 1.1048,                 0.7471,                0.78366,                0.84331,                0.76559,                0.49251,                0.66355,                0.92486,              0.0086423,              0.0086423,              0.0086423
                     98,                0.68223,                0.70558,                 1.1012,                0.73478,                0.80219,                 0.8424,                0.76305,                0.49143,                0.66537,                0.92383,              0.0086281,              0.0086281,              0.0086281
                     99,                0.68894,                0.71017,                 1.1106,                0.74571,                0.78968,                0.84015,                0.76131,                0.49263,                0.66471,                0.92461,               0.008614,               0.008614,               0.008614
                    100,                0.67755,                 0.7103,                 1.1026,                0.77543,                0.75315,                0.84204,                0.76296,                0.49055,                0.66052,                0.92292,              0.0085999,              0.0085999,              0.0085999
                    101,                0.68251,                0.69749,                 1.0996,                 0.7748,                0.75863,                0.84439,                0.76574,                0.49124,                0.65781,                0.92285,              0.0085857,              0.0085857,              0.0085857
                    102,                0.67967,                0.71363,                    1.1,                0.71144,                0.82934,                 0.8493,                0.77159,                0.48819,                 0.6533,                0.92055,              0.0085716,              0.0085716,              0.0085716
                    103,                0.67976,                0.70764,                 1.1005,                0.78421,                0.74691,                0.84942,                0.77221,                0.48599,                0.65034,                0.91834,              0.0085574,              0.0085574,              0.0085574
                    104,                0.68513,                 0.7025,                 1.1021,                0.78017,                0.74801,                0.84805,                0.77083,                0.48656,                0.65344,                0.91716,              0.0085433,              0.0085433,              0.0085433
                    105,                0.67877,                0.70469,                 1.0979,                0.72766,                0.82007,                0.84773,                0.77099,                0.48653,                0.65897,                0.91762,              0.0085291,              0.0085291,              0.0085291
                    106,                 0.6802,                0.69561,                  1.095,                0.77977,                0.77644,                0.84539,                0.76802,                0.48676,                0.65666,                0.91591,               0.008515,               0.008515,               0.008515
                    107,                0.67179,                0.68486,                 1.0949,                0.73285,                 0.8291,                0.84644,                 0.7693,                0.48841,                 0.6536,                0.92004,              0.0085009,              0.0085009,              0.0085009
                    108,                0.67523,                  0.695,                 1.0977,                0.74354,                0.81846,                0.84987,                0.77236,                0.48775,                0.65458,                0.92055,              0.0084867,              0.0084867,              0.0084867
                    109,                0.67188,                0.68704,                  1.095,                0.75529,                0.79935,                0.84758,                0.76857,                0.48695,                0.66157,                0.91868,              0.0084726,              0.0084726,              0.0084726
                    110,                0.67554,                0.68871,                 1.0978,                0.73111,                0.82226,                0.84762,                0.76745,                0.48767,                0.66292,                0.92049,              0.0084584,              0.0084584,              0.0084584
                    111,                0.66819,                0.67436,                 1.0924,                0.74142,                 0.8053,                0.84719,                0.76718,                0.49122,                0.66328,                0.92594,              0.0084443,              0.0084443,              0.0084443
                    112,                0.67054,                0.68017,                 1.0918,                0.74678,                0.80008,                 0.8482,                0.76914,                0.49241,                 0.6592,                 0.9255,              0.0084301,              0.0084301,              0.0084301
                    113,                0.66502,                0.67724,                 1.0905,                0.74241,                0.81885,                0.84765,                0.76935,                0.49155,                0.66181,                0.92525,               0.008416,               0.008416,               0.008416
                    114,                0.67373,                0.67995,                 1.0912,                0.71946,                0.83411,                0.84863,                 0.7704,                0.48898,                0.66505,                0.91969,              0.0084019,              0.0084019,              0.0084019
                    115,                0.67376,                0.68391,                 1.0899,                0.78175,                0.76254,                 0.8478,                0.76943,                 0.4855,                0.66573,                0.91455,              0.0083877,              0.0083877,              0.0083877
                    116,                 0.6657,                0.67622,                 1.0855,                0.75151,                0.79076,                0.84654,                0.77113,                0.48368,                0.66547,                0.91355,              0.0083736,              0.0083736,              0.0083736
                    117,                0.67436,                0.67535,                 1.0906,                0.77114,                0.77448,                0.84685,                 0.7708,                0.48131,                0.66283,                0.91043,              0.0083594,              0.0083594,              0.0083594
                    118,                0.67083,                0.66818,                  1.089,                0.79311,                0.74525,                0.84453,                0.76854,                0.48008,                0.66266,                0.90995,              0.0083453,              0.0083453,              0.0083453
                    119,                0.66824,                0.67527,                 1.0914,                0.73481,                0.81335,                0.84617,                0.76954,                0.48049,                0.65921,                 0.9103,              0.0083311,              0.0083311,              0.0083311
                    120,                 0.6701,                0.67769,                 1.0886,                0.77384,                0.76968,                0.84522,                0.76892,                0.48022,                0.65537,                0.91034,               0.008317,               0.008317,               0.008317
                    121,                0.65583,                0.66935,                  1.084,                0.75958,                0.79233,                0.84696,                0.77135,                0.48049,                0.64942,                0.90942,              0.0083029,              0.0083029,              0.0083029
                    122,                0.65885,                0.65541,                 1.0789,                0.76326,                0.78471,                0.84586,                 0.7717,                0.48001,                0.65162,                0.90889,              0.0082887,              0.0082887,              0.0082887
                    123,                0.65935,                0.66283,                 1.0788,                0.74559,                0.80976,                 0.8438,                0.77105,                0.47795,                0.65353,                0.90666,              0.0082746,              0.0082746,              0.0082746
                    124,                0.65772,                0.66367,                 1.0813,                0.75927,                0.78716,                0.84366,                0.77071,                0.47844,                 0.6548,                  0.907,              0.0082604,              0.0082604,              0.0082604
                    125,                0.65344,                0.65583,                 1.0836,                0.76548,                0.76787,                0.84521,                0.77145,                0.47793,                0.65008,                0.90689,              0.0082463,              0.0082463,              0.0082463
                    126,                0.65347,                0.64805,                  1.074,                0.80081,                0.74657,                 0.8454,                0.77191,                0.47738,                0.65239,                0.90667,              0.0082321,              0.0082321,              0.0082321
                    127,                0.65914,                0.64548,                 1.0779,                0.79344,                0.75859,                0.84532,                0.77183,                0.47598,                0.65114,                0.90636,               0.008218,               0.008218,               0.008218
                    128,                0.65898,                0.65129,                 1.0775,                 0.7878,                0.76036,                0.84673,                0.77342,                  0.475,                0.64799,                0.90536,              0.0082039,              0.0082039,              0.0082039
                    129,                0.66141,                0.65801,                 1.0831,                0.78424,                0.77101,                0.84652,                0.77363,                0.47427,                0.64639,                0.90466,              0.0081897,              0.0081897,              0.0081897
                    130,                0.65697,                0.65703,                 1.0762,                0.77159,                0.77477,                0.84676,                0.77216,                0.47399,                0.64574,                0.90453,              0.0081756,              0.0081756,              0.0081756
                    131,                0.65281,                0.64415,                 1.0761,                0.79216,                0.76315,                 0.8479,                0.77339,                 0.4738,                0.64881,                0.90496,              0.0081614,              0.0081614,              0.0081614
                    132,                0.65535,                0.64965,                  1.081,                0.76534,                0.78429,                0.84702,                 0.7722,                 0.4738,                0.65118,                0.90492,              0.0081473,              0.0081473,              0.0081473
                    133,                0.64842,                 0.6438,                 1.0755,                0.76713,                0.78853,                0.84804,                0.77221,                0.47456,                 0.6508,                0.90489,              0.0081331,              0.0081331,              0.0081331
                    134,                0.64542,                0.63473,                 1.0694,                0.76314,                0.79332,                0.84706,                0.77024,                0.47521,                0.65115,                0.90547,               0.008119,               0.008119,               0.008119
                    135,                0.65166,                0.64419,                 1.0782,                0.76786,                0.80043,                0.84714,                0.77135,                 0.4751,                0.65034,                0.90499,              0.0081049,              0.0081049,              0.0081049
                    136,                0.65445,                0.63452,                  1.069,                0.75082,                 0.8106,                0.84787,                0.77263,                 0.4757,                0.65366,                0.90478,              0.0080907,              0.0080907,              0.0080907
                    137,                0.64822,                0.63938,                 1.0676,                0.75851,                0.81284,                0.84841,                0.77375,                 0.4746,                 0.6513,                0.90376,              0.0080766,              0.0080766,              0.0080766
                    138,                0.64675,                0.63894,                 1.0705,                0.75679,                0.81517,                0.84916,                0.77572,                0.47532,                0.64959,                0.90372,              0.0080624,              0.0080624,              0.0080624
                    139,                0.63568,                0.63315,                 1.0602,                0.76194,                0.81073,                0.84825,                0.77477,                0.47389,                0.64796,                0.90252,              0.0080483,              0.0080483,              0.0080483
                    140,                0.63639,                0.62825,                 1.0678,                 0.7624,                0.80408,                0.84814,                0.77482,                0.47418,                0.64839,                0.90261,              0.0080341,              0.0080341,              0.0080341
                    141,                0.64029,                0.63529,                 1.0685,                0.75948,                 0.8056,                0.84758,                  0.773,                0.47339,                0.64909,                0.90194,                0.00802,                0.00802,                0.00802
                    142,                0.64084,                0.62797,                 1.0655,                0.75831,                0.80613,                0.84758,                0.77334,                0.47295,                0.65075,                0.90142,              0.0080059,              0.0080059,              0.0080059
                    143,                0.64602,                 0.6324,                 1.0643,                0.75116,                0.81126,                0.84739,                0.77278,                0.47287,                0.65056,                0.90119,              0.0079917,              0.0079917,              0.0079917
                    144,                0.64696,                0.63126,                 1.0714,                0.75278,                0.81117,                0.84695,                0.77273,                0.47245,                 0.6494,                0.90031,              0.0079776,              0.0079776,              0.0079776
                    145,                0.64297,                0.62883,                 1.0686,                0.75355,                0.81402,                0.84656,                0.77279,                0.47217,                0.65024,                0.89993,              0.0079634,              0.0079634,              0.0079634
                    146,                0.63847,                0.62495,                  1.069,                0.75285,                0.81793,                0.84567,                0.77304,                 0.4719,                0.64903,                0.89982,              0.0079493,              0.0079493,              0.0079493
                    147,                0.63896,                0.62131,                 1.0623,                0.75453,                0.81485,                0.84531,                0.77273,                0.47187,                0.64824,                0.89978,              0.0079351,              0.0079351,              0.0079351
                    148,                0.64341,                0.61802,                  1.063,                 0.7543,                0.81635,                0.84373,                0.77081,                0.47156,                0.64822,                0.89942,               0.007921,               0.007921,               0.007921
                    149,                0.63392,                0.61591,                 1.0581,                0.75362,                0.82121,                0.84361,                0.76983,                 0.4714,                0.64817,                0.89922,              0.0079069,              0.0079069,              0.0079069
                    150,                0.64129,                0.61485,                 1.0627,                0.75381,                0.82171,                0.84357,                0.77016,                0.47169,                0.64817,                0.89938,              0.0078927,              0.0078927,              0.0078927
                    151,                  0.631,                0.61864,                 1.0602,                0.75552,                0.81761,                0.84451,                0.77047,                0.47189,                0.64717,                0.89954,              0.0078786,              0.0078786,              0.0078786
                    152,                0.64989,                0.62517,                 1.0666,                0.75634,                0.81325,                0.84424,                0.77009,                0.47205,                0.64672,                 0.8996,              0.0078644,              0.0078644,              0.0078644
                    153,                0.62861,                 0.6079,                  1.061,                 0.7564,                 0.8112,                0.84396,                0.77005,                0.47197,                 0.6487,                 0.8995,              0.0078503,              0.0078503,              0.0078503
                    154,                0.63699,                0.61366,                 1.0531,                0.76174,                0.80748,                0.84442,                0.77147,                0.47147,                0.64894,                0.89921,              0.0078361,              0.0078361,              0.0078361
                    155,                0.62854,                0.61631,                 1.0603,                0.77163,                0.79758,                0.84481,                0.77079,                 0.4713,                0.64996,                0.89904,               0.007822,               0.007822,               0.007822
                    156,                0.63142,                0.61796,                 1.0621,                 0.7794,                0.78341,                0.84493,                0.77041,                0.47073,                 0.6498,                0.89864,              0.0078079,              0.0078079,              0.0078079
                    157,                0.62403,                0.60445,                 1.0562,                0.79428,                0.77594,                0.84512,                0.77101,                0.47084,                0.64985,                0.89856,              0.0077937,              0.0077937,              0.0077937
                    158,                0.64317,                0.60817,                 1.0623,                0.78689,                0.78038,                0.84481,                0.77263,                0.47086,                0.64943,                0.89853,              0.0077796,              0.0077796,              0.0077796
                    159,                 0.6383,                0.61545,                 1.0566,                0.79757,                 0.7741,                0.84443,                0.77247,                0.47061,                0.64912,                0.89831,              0.0077654,              0.0077654,              0.0077654
                    160,                0.62273,                0.60012,                 1.0542,                0.79672,                0.77413,                0.84477,                0.77135,                0.47112,                0.64915,                0.89862,              0.0077513,              0.0077513,              0.0077513
                    161,                0.62783,                0.60323,                 1.0564,                 0.7937,                 0.7741,                0.84498,                0.77128,                0.47082,                0.64896,                0.89863,              0.0077371,              0.0077371,              0.0077371
                    162,                0.62871,                0.60196,                 1.0575,                0.79454,                0.77581,                0.84523,                0.77326,                0.47008,                0.64924,                0.89825,               0.007723,               0.007723,               0.007723
                    163,                0.63427,                 0.6064,                 1.0575,                0.78987,                0.78168,                0.84599,                 0.7748,                0.46942,                0.64821,                 0.8978,              0.0077089,              0.0077089,              0.0077089
                    164,                 0.6319,                 0.6044,                 1.0632,                0.79231,                0.77949,                0.84552,                0.77476,                0.46956,                0.64654,                0.89755,              0.0076947,              0.0076947,              0.0076947
                    165,                0.63032,                0.61096,                  1.056,                0.80062,                0.77424,                0.84545,                0.77448,                0.46957,                0.64634,                0.89735,              0.0076806,              0.0076806,              0.0076806
                    166,                0.62241,                0.58779,                 1.0546,                0.80293,                0.77497,                0.84564,                0.77489,                0.46938,                 0.6464,                0.89704,              0.0076664,              0.0076664,              0.0076664
                    167,                0.63016,                0.60158,                 1.0528,                0.79434,                0.77995,                0.84639,                0.77508,                0.46935,                0.64594,                0.89696,              0.0076523,              0.0076523,              0.0076523
                    168,                0.62445,                0.60562,                 1.0543,                0.80247,                0.77508,                0.84709,                0.77529,                0.46912,                0.64432,                 0.8965,              0.0076381,              0.0076381,              0.0076381
                    169,                0.62078,                0.59275,                 1.0526,                0.80099,                0.77584,                0.84743,                0.77582,                0.46872,                0.64407,                0.89617,               0.007624,               0.007624,               0.007624
                    170,                0.61945,                0.59098,                  1.051,                0.80169,                0.77508,                0.84772,                0.77617,                0.46858,                0.64516,                0.89598,              0.0076099,              0.0076099,              0.0076099
                    171,                0.62465,                0.59036,                 1.0505,                0.79898,                0.77601,                0.84765,                0.77541,                0.46838,                0.64613,                0.89589,              0.0075957,              0.0075957,              0.0075957
                    172,                0.62393,                0.58389,                 1.0516,                0.79632,                0.77909,                0.84767,                0.77552,                0.46833,                 0.6467,                0.89587,              0.0075816,              0.0075816,              0.0075816
                    173,                0.62077,                0.58992,                 1.0522,                0.79828,                0.77875,                0.84737,                0.77453,                0.46825,                0.64805,                0.89583,              0.0075674,              0.0075674,              0.0075674
                    174,                0.61884,                 0.5946,                  1.051,                0.79795,                0.77831,                0.84729,                0.77493,                 0.4681,                0.64927,                 0.8957,              0.0075533,              0.0075533,              0.0075533
                    175,                0.62208,                0.58774,                 1.0494,                0.79559,                0.78086,                0.84716,                0.77445,                0.46802,                0.65018,                 0.8954,              0.0075391,              0.0075391,              0.0075391
                    176,                0.62358,                0.58638,                 1.0483,                0.79087,                0.78631,                0.84692,                0.77442,                0.46788,                0.65007,                0.89544,               0.007525,               0.007525,               0.007525
                    177,                0.61813,                0.57832,                  1.052,                0.79035,                0.78428,                 0.8472,                0.77525,                 0.4677,                0.65001,                0.89535,              0.0075109,              0.0075109,              0.0075109
                    178,                0.61828,                0.58391,                 1.0457,                0.79211,                0.78178,                0.84704,                0.77587,                0.46769,                0.65077,                0.89514,              0.0074967,              0.0074967,              0.0074967
                    179,                0.61546,                 0.5889,                 1.0458,                0.79235,                0.78187,                0.84693,                0.77495,                0.46743,                0.65069,                0.89506,              0.0074826,              0.0074826,              0.0074826
                    180,                0.61905,                0.58732,                  1.048,                0.79135,                0.77876,                0.84678,                0.77593,                0.46711,                0.65055,                0.89494,              0.0074684,              0.0074684,              0.0074684
                    181,                0.61645,                0.57762,                 1.0457,                0.78992,                0.77859,                0.84708,                0.77642,                0.46721,                0.65094,                0.89485,              0.0074543,              0.0074543,              0.0074543
                    182,                0.61472,                0.58351,                 1.0499,                0.77391,                0.79904,                0.84652,                0.77652,                0.46722,                0.65113,                0.89473,              0.0074401,              0.0074401,              0.0074401
                    183,                0.61147,                0.58342,                 1.0421,                0.77384,                0.79882,                0.84636,                0.77617,                0.46708,                0.65143,                0.89462,               0.007426,               0.007426,               0.007426
                    184,                0.61154,                0.58206,                 1.0439,                0.77383,                0.80038,                0.84625,                0.77631,                0.46692,                0.65188,                0.89441,              0.0074119,              0.0074119,              0.0074119
                    185,                0.61696,                0.57832,                 1.0453,                0.77482,                0.80004,                0.84624,                0.77706,                0.46689,                0.65203,                0.89413,              0.0073977,              0.0073977,              0.0073977
                    186,                0.61856,                 0.5777,                 1.0428,                0.77354,                 0.8025,                0.84584,                0.77695,                0.46675,                0.65206,                0.89391,              0.0073836,              0.0073836,              0.0073836
                    187,                 0.6145,                0.57668,                 1.0421,                0.77229,                0.80304,                0.84578,                0.77526,                0.46633,                0.65193,                0.89372,              0.0073694,              0.0073694,              0.0073694
                    188,                0.61513,                0.57464,                 1.0445,                0.77496,                0.80239,                0.84526,                0.77526,                0.46607,                0.65156,                0.89341,              0.0073553,              0.0073553,              0.0073553
                    189,                0.61874,                0.57067,                 1.0506,                0.77037,                0.80754,                0.84511,                0.77433,                0.46566,                0.65191,                0.89335,              0.0073411,              0.0073411,              0.0073411
                    190,                0.60417,                0.56775,                 1.0406,                0.76834,                0.81069,                0.84493,                0.77492,                0.46573,                0.65218,                0.89319,               0.007327,               0.007327,               0.007327
                    191,                0.60841,                0.56995,                 1.0451,                0.76788,                0.81043,                0.84469,                0.77519,                0.46547,                0.65283,                0.89302,              0.0073129,              0.0073129,              0.0073129
                    192,                0.61407,                0.57924,                 1.0409,                0.77119,                0.80492,                0.84432,                0.77491,                0.46519,                0.65264,                0.89283,              0.0072987,              0.0072987,              0.0072987
                    193,                0.61012,                0.58346,                 1.0404,                0.77137,                0.80542,                0.84447,                0.77505,                0.46515,                0.65261,                0.89257,              0.0072846,              0.0072846,              0.0072846
                    194,                0.61192,                0.56561,                 1.0348,                0.77124,                 0.8057,                0.84425,                0.77494,                0.46505,                0.65206,                 0.8925,              0.0072704,              0.0072704,              0.0072704
                    195,                0.60942,                0.57059,                 1.0376,                0.80104,                0.77555,                0.84402,                0.77394,                0.46499,                0.65217,                0.89229,              0.0072563,              0.0072563,              0.0072563
                    196,                0.60865,                0.57588,                 1.0413,                0.76999,                0.80684,                  0.844,                0.77498,                0.46476,                0.65238,                0.89212,              0.0072421,              0.0072421,              0.0072421
                    197,                0.61021,                0.56629,                  1.039,                0.77164,                0.80332,                0.84434,                0.77524,                0.46465,                0.65257,                0.89189,               0.007228,               0.007228,               0.007228
                    198,                0.60662,                0.56556,                 1.0429,                0.77125,                0.80363,                0.84387,                0.77434,                0.46466,                0.65265,                0.89194,              0.0072139,              0.0072139,              0.0072139
                    199,                0.60758,                0.57003,                 1.0332,                0.77003,                0.81031,                0.84369,                0.77455,                0.46443,                0.65308,                0.89186,              0.0071997,              0.0071997,              0.0071997
                    200,                0.59801,                0.55665,                 1.0318,                0.76963,                0.80707,                0.84397,                0.77453,                0.46414,                0.65281,                0.89152,              0.0071856,              0.0071856,              0.0071856
                    201,                0.60502,                0.56492,                 1.0356,                0.77035,                0.80597,                0.84379,                0.77454,                0.46394,                0.65297,                0.89133,              0.0071714,              0.0071714,              0.0071714
                    202,                0.60593,                0.56333,                 1.0307,                0.77193,                 0.8036,                0.84365,                0.77414,                0.46359,                0.65351,                0.89104,              0.0071573,              0.0071573,              0.0071573
                    203,                  0.611,                0.56744,                 1.0378,                0.77604,                0.80433,                0.84373,                 0.7749,                0.46334,                0.65429,                0.89082,              0.0071431,              0.0071431,              0.0071431
                    204,                0.60418,                 0.5591,                 1.0329,                0.77629,                0.80444,                 0.8439,                0.77465,                 0.4634,                0.65456,                0.89073,               0.007129,               0.007129,               0.007129
                    205,                0.60952,                0.55901,                 1.0386,                0.77562,                0.80447,                0.84384,                0.77477,                0.46323,                0.65458,                0.89052,              0.0071149,              0.0071149,              0.0071149
                    206,                0.60019,                0.55698,                 1.0337,                0.77568,                0.80596,                0.84396,                0.77504,                0.46312,                0.65469,                0.89043,              0.0071007,              0.0071007,              0.0071007
                    207,                0.60427,                0.56493,                 1.0392,                0.77523,                 0.8058,                0.84381,                0.77523,                0.46308,                0.65493,                0.89037,              0.0070866,              0.0070866,              0.0070866
                    208,                0.59713,                0.54377,                 1.0322,                0.77538,                0.80575,                0.84384,                0.77558,                0.46308,                0.65576,                0.89034,              0.0070724,              0.0070724,              0.0070724
                    209,                0.61128,                0.55651,                 1.0352,                0.77453,                0.80636,                0.84392,                0.77559,                0.46317,                0.65555,                0.89036,              0.0070583,              0.0070583,              0.0070583
                    210,                  0.607,                0.56051,                  1.033,                0.77521,                 0.8061,                0.84406,                0.77553,                0.46291,                0.65574,                0.89025,              0.0070441,              0.0070441,              0.0070441
                    211,                0.60119,                0.56106,                 1.0302,                0.77638,                0.80391,                0.84398,                0.77578,                0.46256,                0.65578,                0.88998,                0.00703,                0.00703,                0.00703
                    212,                0.60641,                0.55248,                 1.0329,                0.77144,                0.80904,                0.84418,                0.77573,                0.46233,                 0.6551,                0.88978,              0.0070159,              0.0070159,              0.0070159
                    213,                0.60327,                0.55299,                 1.0373,                0.77604,                0.80385,                  0.844,                0.77524,                0.46222,                0.65517,                0.88966,              0.0070017,              0.0070017,              0.0070017
                    214,                0.59901,                0.55747,                 1.0324,                0.77197,                0.81037,                0.84414,                0.77592,                0.46168,                0.65478,                0.88953,              0.0069876,              0.0069876,              0.0069876
                    215,                0.60851,                0.55152,                 1.0339,                0.77668,                0.80445,                0.84412,                0.77591,                0.46154,                0.65526,                0.88937,              0.0069734,              0.0069734,              0.0069734
                    216,                0.59476,                0.55329,                 1.0288,                0.77593,                0.80524,                0.84437,                0.77657,                0.46131,                0.65457,                 0.8892,              0.0069593,              0.0069593,              0.0069593
                    217,                0.59996,                0.54524,                 1.0323,                0.77753,                0.80283,                0.84481,                0.77671,                0.46088,                0.65479,                0.88905,              0.0069451,              0.0069451,              0.0069451
                    218,                0.59769,                0.55307,                 1.0306,                0.76899,                0.80806,                0.84469,                0.77614,                0.46076,                0.65397,                0.88893,               0.006931,               0.006931,               0.006931
                    219,                0.59918,                0.54821,                 1.0289,                0.77577,                0.80475,                0.84493,                0.77683,                0.46067,                0.65396,                0.88899,              0.0069169,              0.0069169,              0.0069169
                    220,                0.58971,                0.54545,                 1.0286,                0.78437,                0.78955,                0.84483,                0.77694,                0.46068,                0.65459,                0.88882,              0.0069027,              0.0069027,              0.0069027
                    221,                0.60588,                0.54003,                 1.0309,                 0.7729,                0.80445,                0.84475,                0.77664,                0.46068,                0.65439,                0.88882,              0.0068886,              0.0068886,              0.0068886
                    222,                0.59879,                0.54012,                 1.0247,                0.77166,                0.80453,                0.84468,                0.77663,                0.46057,                0.65474,                0.88883,              0.0068744,              0.0068744,              0.0068744
                    223,                0.60328,                0.54993,                 1.0303,                0.78591,                0.78984,                0.84424,                0.77656,                0.46042,                0.65524,                0.88874,              0.0068603,              0.0068603,              0.0068603
                    224,                0.58981,                 0.5324,                 1.0247,                0.78519,                0.79324,                0.84457,                0.77673,                0.46029,                0.65493,                0.88871,              0.0068461,              0.0068461,              0.0068461
                    225,                0.58797,                0.53717,                 1.0245,                0.78622,                0.79083,                0.84454,                 0.7765,                0.46016,                0.65589,                0.88886,               0.006832,               0.006832,               0.006832
                    226,                0.59763,                0.55111,                 1.0269,                 0.7871,                0.79033,                0.84412,                0.77647,                0.46012,                0.65577,                 0.8888,              0.0068179,              0.0068179,              0.0068179
                    227,                0.59694,                0.54577,                 1.0321,                 0.7868,                0.79132,                 0.8441,                0.77657,                0.45989,                0.65626,                0.88859,              0.0068037,              0.0068037,              0.0068037
                    228,                0.59378,                0.54004,                  1.031,                0.78481,                0.79358,                 0.8441,                0.77662,                0.45994,                 0.6558,                 0.8886,              0.0067896,              0.0067896,              0.0067896
                    229,                0.59953,                0.53655,                 1.0245,                0.78511,                0.79081,                0.84401,                0.77684,                0.45972,                0.65537,                0.88843,              0.0067754,              0.0067754,              0.0067754
                    230,                0.58957,                0.53902,                  1.028,                0.78469,                0.79362,                0.84387,                0.77642,                0.45955,                0.65527,                0.88839,              0.0067613,              0.0067613,              0.0067613
                    231,                0.58998,                0.54279,                 1.0203,                0.78474,                0.79332,                0.84375,                0.77653,                0.45957,                0.65552,                0.88828,              0.0067471,              0.0067471,              0.0067471
                    232,                0.58993,                0.53127,                 1.0241,                0.78418,                0.79531,                0.84378,                0.77675,                0.45958,                0.65604,                0.88825,               0.006733,               0.006733,               0.006733
                    233,                0.59707,                0.53472,                 1.0324,                0.78634,                0.79364,                0.84365,                0.77614,                0.45949,                0.65586,                0.88809,              0.0067189,              0.0067189,              0.0067189
                    234,                0.58947,                0.52718,                  1.026,                0.78492,                0.79384,                0.84369,                0.77663,                0.45949,                0.65591,                0.88797,              0.0067047,              0.0067047,              0.0067047
                    235,                0.59636,                0.53879,                 1.0203,                0.78642,                0.79375,                 0.8437,                0.77631,                0.45913,                0.65562,                0.88778,              0.0066906,              0.0066906,              0.0066906
                    236,                0.59408,                0.53667,                  1.029,                0.78407,                0.79384,                0.84344,                0.77588,                0.45917,                0.65599,                0.88776,              0.0066764,              0.0066764,              0.0066764
                    237,                 0.5913,                 0.5365,                 1.0223,                0.78497,                0.79384,                0.84334,                0.77614,                0.45898,                0.65614,                0.88752,              0.0066623,              0.0066623,              0.0066623
                    238,                0.58681,                0.52977,                 1.0196,                0.78555,                0.79449,                 0.8433,                0.77592,                0.45884,                0.65595,                0.88738,              0.0066481,              0.0066481,              0.0066481
                    239,                0.59277,                0.53066,                 1.0221,                0.78495,                0.79467,                0.84314,                0.77562,                 0.4588,                0.65587,                0.88721,               0.006634,               0.006634,               0.006634
                    240,                0.58198,                 0.5295,                 1.0145,                0.78536,                0.79424,                0.84295,                0.77576,                0.45879,                0.65538,                0.88717,              0.0066199,              0.0066199,              0.0066199
                    241,                0.58753,                0.52224,                 1.0218,                0.78591,                0.79488,                 0.8429,                0.77572,                0.45866,                0.65511,                0.88709,              0.0066057,              0.0066057,              0.0066057
                    242,                0.59214,                0.53346,                  1.026,                0.78573,                0.79514,                0.84279,                0.77597,                0.45878,                0.65542,                0.88718,              0.0065916,              0.0065916,              0.0065916
                    243,                0.58982,                0.52644,                 1.0226,                0.78566,                0.79514,                0.84307,                0.77601,                0.45867,                 0.6555,                0.88713,              0.0065774,              0.0065774,              0.0065774
                    244,                0.58985,                0.53486,                 1.0226,                0.78334,                0.79841,                0.84298,                0.77578,                0.45864,                0.65625,                0.88708,              0.0065633,              0.0065633,              0.0065633
                    245,                0.58442,                0.53284,                 1.0209,                0.78543,                0.79617,                0.84292,                0.77598,                0.45862,                0.65626,                 0.8869,              0.0065491,              0.0065491,              0.0065491
                    246,                0.58338,                0.52768,                 1.0184,                0.78231,                0.80197,                0.84286,                 0.7757,                0.45858,                0.65629,                0.88687,               0.006535,               0.006535,               0.006535
                    247,                 0.5846,                0.51935,                 1.0202,                0.78147,                0.80236,                 0.8427,                0.77561,                0.45839,                0.65617,                0.88674,              0.0065209,              0.0065209,              0.0065209
                    248,                0.59029,                0.53034,                 1.0206,                 0.7812,                0.80276,                0.84293,                0.77606,                0.45854,                0.65611,                0.88675,              0.0065067,              0.0065067,              0.0065067
                    249,                0.57845,                 0.5169,                 1.0192,                0.78183,                0.80266,                0.84267,                0.77589,                0.45844,                0.65636,                0.88666,              0.0064926,              0.0064926,              0.0064926
                    250,                0.58756,                0.52191,                 1.0178,                0.78698,                0.79474,                0.84288,                0.77612,                0.45844,                0.65662,                0.88649,              0.0064784,              0.0064784,              0.0064784
                    251,                0.58949,                0.52229,                 1.0198,                0.78699,                0.79449,                0.84278,                0.77627,                0.45823,                0.65691,                0.88642,              0.0064643,              0.0064643,              0.0064643
                    252,                0.58819,                0.51859,                 1.0213,                0.78838,                0.79503,                0.84255,                0.77575,                0.45824,                0.65698,                0.88622,              0.0064501,              0.0064501,              0.0064501
                    253,                0.58538,                0.52276,                 1.0183,                0.78939,                0.79487,                0.84258,                0.77576,                0.45818,                0.65681,                0.88604,               0.006436,               0.006436,               0.006436
                    254,                0.58842,                 0.5239,                 1.0185,                0.78954,                0.79462,                0.84237,                0.77571,                0.45803,                0.65681,                0.88576,              0.0064219,              0.0064219,              0.0064219
                    255,                   0.58,                0.51963,                 1.0154,                0.78999,                0.79492,                0.84233,                0.77566,                0.45816,                0.65615,                 0.8857,              0.0064077,              0.0064077,              0.0064077
                    256,                0.58636,                0.51327,                 1.0144,                0.79005,                0.79414,                0.84237,                0.77599,                0.45821,                 0.6562,                0.88552,              0.0063936,              0.0063936,              0.0063936
                    257,                0.58553,                0.52481,                 1.0202,                0.78993,                0.79357,                0.84251,                0.77619,                0.45817,                0.65651,                0.88549,              0.0063794,              0.0063794,              0.0063794
                    258,                0.58474,                0.51775,                 1.0175,                0.79044,                0.79265,                0.84251,                0.77671,                0.45796,                0.65701,                0.88527,              0.0063653,              0.0063653,              0.0063653
                    259,                0.58571,                0.52917,                 1.0201,                0.79032,                0.79165,                0.84261,                0.77645,                0.45796,                0.65638,                0.88513,              0.0063511,              0.0063511,              0.0063511
                    260,                0.58653,                0.52531,                 1.0235,                0.78939,                0.79277,                0.84316,                0.77692,                0.45787,                0.65629,                0.88504,               0.006337,               0.006337,               0.006337
                    261,                0.58048,                0.51285,                 1.0141,                0.79157,                0.79113,                0.84323,                 0.7777,                0.45775,                0.65661,                0.88485,              0.0063229,              0.0063229,              0.0063229
                    262,                0.57712,                0.50364,                 1.0128,                0.79138,                0.79219,                0.84345,                0.77703,                 0.4577,                0.65637,                0.88478,              0.0063087,              0.0063087,              0.0063087
                    263,                0.56947,                0.49941,                 1.0116,                0.78962,                0.79243,                0.84306,                 0.7767,                0.45755,                0.65666,                0.88466,              0.0062946,              0.0062946,              0.0062946
                    264,                0.58296,                0.52645,                 1.0196,                0.79062,                0.79222,                0.84289,                0.77671,                0.45773,                0.65645,                0.88469,              0.0062804,              0.0062804,              0.0062804
                    265,                0.58482,                0.51505,                 1.0161,                 0.7917,                0.79277,                0.84329,                0.77694,                0.45762,                 0.6562,                0.88463,              0.0062663,              0.0062663,              0.0062663
                    266,                0.58939,                0.51917,                 1.0195,                0.79154,                0.79161,                  0.843,                0.77644,                0.45746,                0.65593,                0.88449,              0.0062521,              0.0062521,              0.0062521
                    267,                0.58119,                0.50597,                  1.013,                0.79191,                0.79173,                0.84299,                 0.7765,                0.45725,                0.65589,                0.88456,               0.006238,               0.006238,               0.006238
                    268,                0.58186,                0.51044,                 1.0111,                 0.7921,                0.79216,                 0.8429,                0.77665,                 0.4573,                0.65644,                 0.8846,              0.0062239,              0.0062239,              0.0062239
                    269,                0.58596,                0.51078,                  1.014,                0.79264,                0.79254,                0.84271,                0.77619,                0.45744,                0.65664,                0.88454,              0.0062097,              0.0062097,              0.0062097
                    270,                0.57359,                0.50393,                 1.0075,                0.79055,                0.79453,                0.84264,                0.77586,                0.45753,                0.65661,                0.88446,              0.0061956,              0.0061956,              0.0061956
                    271,                0.56518,                0.50565,                 1.0102,                 0.7899,                0.79525,                 0.8424,                0.77563,                0.45739,                0.65671,                0.88434,              0.0061814,              0.0061814,              0.0061814
                    272,                0.57246,                0.50397,                 1.0109,                0.78962,                0.79461,                0.84213,                0.77593,                0.45732,                0.65603,                0.88427,              0.0061673,              0.0061673,              0.0061673
                    273,                0.57712,                0.50946,                 1.0088,                0.79048,                0.79432,                0.84222,                0.77603,                0.45743,                0.65626,                0.88421,              0.0061531,              0.0061531,              0.0061531
                    274,                0.57494,                0.51832,                 1.0129,                0.78867,                0.79589,                0.84225,                0.77593,                0.45739,                0.65636,                0.88415,               0.006139,               0.006139,               0.006139
                    275,                0.57403,                0.50136,                 1.0111,                0.78993,                0.79557,                0.84219,                0.77576,                0.45747,                0.65676,                0.88414,              0.0061249,              0.0061249,              0.0061249
                    276,                0.57223,                0.50859,                 1.0041,                0.79064,                 0.7956,                0.84239,                0.77585,                 0.4572,                0.65628,                0.88388,              0.0061107,              0.0061107,              0.0061107
                    277,                0.57405,                0.50086,                 1.0049,                0.78967,                0.79643,                0.84244,                0.77617,                0.45689,                0.65635,                0.88362,              0.0060966,              0.0060966,              0.0060966
                    278,                0.57713,                0.50589,                 1.0102,                 0.7882,                0.79708,                0.84236,                0.77597,                0.45666,                0.65626,                0.88331,              0.0060824,              0.0060824,              0.0060824
                    279,                0.57673,                0.51129,                 1.0082,                0.78786,                0.79663,                0.84214,                0.77592,                0.45675,                0.65664,                0.88315,              0.0060683,              0.0060683,              0.0060683
                    280,                0.57517,                0.50234,                 1.0084,                 0.7883,                0.79827,                0.84206,                0.77591,                0.45674,                0.65614,                0.88308,              0.0060541,              0.0060541,              0.0060541
                    281,                0.57422,                0.49463,                 1.0066,                0.77935,                0.80682,                0.84249,                0.77647,                0.45655,                0.65611,                0.88284,                0.00604,                0.00604,                0.00604
                    282,                0.58135,                0.51184,                 1.0129,                0.78829,                0.79736,                0.84237,                 0.7761,                0.45673,                0.65626,                0.88288,              0.0060259,              0.0060259,              0.0060259
                    283,                0.57193,                0.50555,                 1.0091,                 0.7881,                0.79867,                0.84237,                0.77641,                0.45669,                 0.6558,                0.88275,              0.0060117,              0.0060117,              0.0060117
                    284,                0.57577,                0.50733,                 1.0122,                 0.7887,                0.79789,                0.84237,                0.77654,                0.45661,                0.65561,                 0.8826,              0.0059976,              0.0059976,              0.0059976
                    285,                0.57403,                0.49605,                 1.0043,                0.78861,                0.79793,                0.84229,                0.77642,                0.45653,                0.65531,                0.88251,              0.0059834,              0.0059834,              0.0059834
                    286,                0.57976,                0.50696,                 1.0091,                0.78915,                0.79945,                0.84268,                0.77638,                0.45638,                0.65511,                0.88245,              0.0059693,              0.0059693,              0.0059693
                    287,                0.56793,                0.50396,                 1.0052,                0.78855,                0.79916,                0.84219,                 0.7761,                0.45667,                0.65537,                0.88229,              0.0059551,              0.0059551,              0.0059551
                    288,                0.56564,                0.49152,                 1.0017,                0.78693,                0.79579,                0.84242,                0.77623,                0.45656,                0.65552,                0.88226,               0.005941,               0.005941,               0.005941
                    289,                0.57998,                0.50389,                 1.0093,                0.78672,                0.79876,                0.84272,                0.77641,                0.45648,                0.65552,                0.88212,              0.0059269,              0.0059269,              0.0059269
                    290,                0.57264,                0.49172,                 1.0064,                0.78684,                0.79575,                0.84279,                0.77666,                0.45644,                0.65596,                0.88209,              0.0059127,              0.0059127,              0.0059127
                    291,                0.56594,                0.49156,                 1.0025,                 0.7862,                0.79683,                0.84303,                0.77694,                 0.4564,                0.65578,                0.88194,              0.0058986,              0.0058986,              0.0058986
                    292,                0.56233,                0.49427,                 1.0012,                0.78808,                0.79377,                0.84283,                0.77652,                0.45622,                0.65517,                0.88174,              0.0058844,              0.0058844,              0.0058844
                    293,                0.56714,                0.48977,                  1.004,                0.78847,                0.79394,                0.84312,                0.77695,                0.45628,                0.65576,                0.88163,              0.0058703,              0.0058703,              0.0058703
                    294,                0.57492,                0.49722,                 1.0099,                0.78719,                0.79469,                 0.8428,                0.77703,                0.45612,                0.65584,                0.88153,              0.0058561,              0.0058561,              0.0058561
                    295,                0.57065,                0.50141,                 1.0062,                0.78752,                 0.7946,                0.84258,                0.77681,                0.45608,                0.65639,                0.88134,               0.005842,               0.005842,               0.005842
                    296,                0.56526,                0.49403,                 1.0002,                0.78865,                0.79428,                0.84252,                0.77713,                0.45588,                0.65604,                0.88122,              0.0058279,              0.0058279,              0.0058279
                    297,                0.56852,                0.49556,                 1.0076,                0.78607,                0.79053,                0.84216,                0.77672,                0.45576,                0.65607,                0.88119,              0.0058137,              0.0058137,              0.0058137
                    298,                0.56643,                0.48234,                 1.0002,                0.78165,                0.79314,                0.84221,                0.77677,                0.45602,                0.65571,                0.88114,              0.0057996,              0.0057996,              0.0057996
                    299,                0.57026,                 0.4938,                 1.0012,                0.78485,                0.79024,                0.84225,                0.77696,                0.45594,                0.65604,                0.88103,              0.0057854,              0.0057854,              0.0057854
                    300,                0.56616,                 0.4871,                0.99991,                0.78269,                 0.7892,                0.84212,                0.77677,                0.45584,                0.65637,                0.88098,              0.0057713,              0.0057713,              0.0057713
                    301,                0.56202,                0.49109,                0.99582,                0.77205,                0.80992,                0.84245,                0.77666,                0.45583,                0.65685,                0.88101,              0.0057571,              0.0057571,              0.0057571
                    302,                0.56647,                0.49427,                 1.0007,                0.76916,                0.81117,                0.84246,                0.77676,                0.45583,                0.65732,                0.88099,               0.005743,               0.005743,               0.005743
                    303,                0.56188,                0.48481,                0.99628,                 0.7705,                0.81117,                 0.8425,                0.77673,                0.45573,                0.65727,                0.88097,              0.0057289,              0.0057289,              0.0057289
                    304,                0.56978,                0.48936,                 1.0042,                0.77147,                0.81063,                0.84263,                0.77783,                0.45552,                0.65751,                0.88096,              0.0057147,              0.0057147,              0.0057147
                    305,                0.55803,                 0.4829,                 0.9937,                0.77018,                0.81105,                0.84267,                0.77692,                0.45567,                  0.658,                 0.8809,              0.0057006,              0.0057006,              0.0057006
                    306,                0.56561,                0.48662,                 1.0033,                0.77005,                0.81091,                0.84274,                 0.7774,                0.45551,                0.65798,                 0.8808,              0.0056864,              0.0056864,              0.0056864
                    307,                0.56756,                0.48554,                  1.003,                0.78509,                0.79205,                0.84255,                0.77718,                0.45538,                0.65801,                0.88062,              0.0056723,              0.0056723,              0.0056723
                    308,                 0.5603,                 0.4815,                0.99727,                0.78605,                 0.7893,                0.84282,                0.77747,                0.45541,                0.65832,                0.88057,              0.0056581,              0.0056581,              0.0056581
                    309,                0.55958,                0.48341,                0.99645,                0.78509,                0.79563,                0.84273,                0.77784,                0.45511,                 0.6584,                0.88037,               0.005644,               0.005644,               0.005644
                    310,                0.56251,                0.47896,                0.99946,                0.78538,                 0.7901,                0.84304,                0.77803,                0.45478,                0.65732,                0.88011,              0.0056299,              0.0056299,              0.0056299
                    311,                0.56284,                0.48823,                 1.0067,                0.78514,                0.79172,                0.84286,                0.77795,                0.45505,                0.65815,                0.88007,              0.0056157,              0.0056157,              0.0056157
                    312,                0.56239,                0.48305,                 1.0017,                0.78562,                0.79241,                0.84292,                0.77799,                0.45517,                0.65828,                0.88001,              0.0056016,              0.0056016,              0.0056016
                    313,                0.55914,                 0.4797,                 0.9994,                0.78558,                0.79191,                  0.843,                0.77859,                0.45511,                0.65802,                0.87997,              0.0055874,              0.0055874,              0.0055874
                    314,                0.56615,                0.48654,                 1.0042,                0.78604,                0.79113,                0.84326,                0.77886,                0.45494,                0.65771,                0.87987,              0.0055733,              0.0055733,              0.0055733
                    315,                0.56104,                 0.4827,                 0.9998,                0.78643,                0.79437,                 0.8433,                0.77896,                0.45481,                0.65766,                0.87978,              0.0055591,              0.0055591,              0.0055591
                    316,                0.55806,                0.48997,                0.99618,                 0.7868,                0.79282,                0.84339,                0.77851,                0.45472,                0.65779,                0.87963,               0.005545,               0.005545,               0.005545
                    317,                0.56141,                0.48165,                0.99914,                0.78653,                0.79097,                0.84333,                0.77863,                0.45484,                0.65771,                0.87965,              0.0055309,              0.0055309,              0.0055309
                    318,                0.56135,                0.48493,                0.99471,                0.78666,                0.79219,                0.84336,                 0.7792,                 0.4548,                0.65812,                 0.8795,              0.0055167,              0.0055167,              0.0055167
                    319,                0.56054,                 0.4762,                 0.9976,                0.78605,                0.79154,                0.84299,                0.77856,                0.45463,                0.65821,                0.87941,              0.0055026,              0.0055026,              0.0055026
                    320,                0.56167,                 0.4844,                0.99854,                0.78606,                0.79289,                0.84294,                0.77909,                0.45441,                0.65771,                0.87931,              0.0054884,              0.0054884,              0.0054884
                    321,                0.56283,                0.47516,                 1.0004,                0.78922,                0.78942,                0.84292,                0.77923,                0.45434,                0.65792,                0.87915,              0.0054743,              0.0054743,              0.0054743
                    322,                0.56084,                0.47486,                0.99637,                0.78913,                0.79011,                0.84274,                0.77878,                0.45433,                0.65795,                0.87903,              0.0054601,              0.0054601,              0.0054601
                    323,                0.56153,                0.48122,                 1.0025,                0.78951,                0.79083,                  0.843,                0.77922,                0.45399,                 0.6576,                 0.8789,               0.005446,               0.005446,               0.005446
                    324,                0.55604,                0.47604,                 0.9932,                0.78881,                0.79106,                0.84277,                0.77907,                0.45405,                0.65748,                0.87886,              0.0054319,              0.0054319,              0.0054319
                    325,                 0.5532,                 0.4771,                0.99708,                0.78811,                0.79309,                0.84265,                0.77883,                0.45382,                0.65727,                0.87867,              0.0054177,              0.0054177,              0.0054177
                    326,                  0.552,                0.47173,                0.99328,                0.78421,                0.79353,                 0.8429,                0.77883,                0.45358,                0.65756,                0.87854,              0.0054036,              0.0054036,              0.0054036
                    327,                0.56127,                0.47056,                 0.9988,                0.78299,                0.79352,                0.84277,                0.77885,                0.45363,                0.65782,                0.87847,              0.0053894,              0.0053894,              0.0053894
                    328,                0.55667,                0.47746,                0.99793,                 0.7821,                0.79254,                0.84281,                0.77854,                0.45339,                0.65763,                0.87843,              0.0053753,              0.0053753,              0.0053753
                    329,                0.55654,                0.47168,                0.99802,                0.78238,                0.79462,                0.84265,                0.77851,                0.45329,                0.65792,                0.87829,              0.0053611,              0.0053611,              0.0053611
                    330,                0.55995,                0.47652,                0.99655,                0.78182,                0.79539,                0.84275,                0.77819,                0.45314,                0.65874,                0.87835,               0.005347,               0.005347,               0.005347
                    331,                0.55523,                0.47247,                0.98885,                0.78227,                 0.7957,                0.84277,                0.77896,                0.45332,                0.65887,                0.87844,              0.0053329,              0.0053329,              0.0053329
                    332,                0.56463,                0.48402,                0.99884,                0.78238,                0.79442,                0.84281,                0.77832,                0.45318,                0.65875,                0.87827,              0.0053187,              0.0053187,              0.0053187
                    333,                0.55846,                0.47274,                0.99948,                0.78143,                0.79308,                0.84288,                0.77934,                0.45331,                0.65956,                0.87838,              0.0053046,              0.0053046,              0.0053046
                    334,                0.55039,                0.47189,                0.98812,                0.78318,                0.79134,                0.84281,                0.77907,                0.45315,                0.65945,                 0.8782,              0.0052904,              0.0052904,              0.0052904
                    335,                0.55622,                0.47199,                0.99202,                0.78366,                0.79092,                0.84269,                0.77861,                 0.4532,                0.66031,                0.87807,              0.0052763,              0.0052763,              0.0052763
                    336,                 0.5536,                0.46975,                0.99034,                0.78402,                0.78876,                0.84282,                0.77925,                0.45302,                0.65998,                0.87809,              0.0052621,              0.0052621,              0.0052621
                    337,                0.54457,                0.46385,                0.98813,                0.78393,                0.78997,                0.84282,                0.77951,                0.45299,                0.65931,                0.87804,               0.005248,               0.005248,               0.005248
                    338,                0.54474,                0.46818,                0.98719,                0.78448,                0.79165,                0.84273,                0.77893,                0.45303,                0.65949,                0.87794,              0.0052339,              0.0052339,              0.0052339
                    339,                0.55181,                0.46487,                0.99107,                0.78432,                0.79216,                 0.8427,                0.77918,                0.45271,                0.65916,                0.87785,              0.0052197,              0.0052197,              0.0052197
                    340,                0.55652,                0.47202,                0.99677,                0.78263,                0.79124,                0.84259,                0.77942,                0.45269,                0.65951,                0.87782,              0.0052056,              0.0052056,              0.0052056
                    341,                0.55338,                0.47341,                0.99577,                0.77645,                0.79697,                0.84279,                0.77935,                0.45276,                0.65909,                0.87785,              0.0051914,              0.0051914,              0.0051914
                    342,                0.54604,                  0.461,                0.98832,                0.77671,                0.79689,                 0.8427,                0.77944,                0.45259,                0.65912,                0.87768,              0.0051773,              0.0051773,              0.0051773
                    343,                0.55581,                0.47029,                0.99538,                0.77487,                0.79683,                0.84284,                0.77924,                0.45245,                0.65831,                0.87777,              0.0051631,              0.0051631,              0.0051631
                    344,                0.55112,                0.46282,                0.99167,                0.77269,                0.79773,                0.84284,                0.77926,                0.45245,                0.65824,                0.87775,               0.005149,               0.005149,               0.005149
                    345,                0.55365,                0.46503,                0.99049,                0.77082,                0.79849,                0.84324,                0.77989,                0.45238,                0.65755,                0.87762,              0.0051349,              0.0051349,              0.0051349
                    346,                 0.5511,                0.46302,                0.98891,                0.76928,                0.79946,                0.84291,                0.77916,                 0.4524,                0.65788,                0.87756,              0.0051207,              0.0051207,              0.0051207
                    347,                0.54968,                0.45905,                0.99089,                0.77188,                0.79842,                0.84287,                0.77925,                0.45243,                0.65801,                0.87756,              0.0051066,              0.0051066,              0.0051066
                    348,                0.55071,                0.45808,                0.99251,                0.76878,                0.80097,                0.84293,                0.77936,                0.45217,                0.65782,                 0.8775,              0.0050924,              0.0050924,              0.0050924
                    349,                0.55245,                0.45679,                0.99591,                 0.7761,                0.79464,                0.84297,                0.78018,                0.45219,                0.65752,                 0.8775,              0.0050783,              0.0050783,              0.0050783
                    350,                0.54328,                0.45681,                0.99042,                0.77618,                0.79394,                0.84279,                0.77998,                0.45217,                0.65751,                0.87742,              0.0050641,              0.0050641,              0.0050641
                    351,                0.54613,                0.46295,                0.98995,                0.77501,                0.79351,                0.84274,                0.77986,                0.45198,                0.65738,                 0.8773,                0.00505,                0.00505,                0.00505
                    352,                0.55591,                0.46475,                0.99406,                 0.7754,                0.79178,                0.84277,                0.77953,                0.45203,                0.65705,                0.87721,              0.0050359,              0.0050359,              0.0050359
                    353,                0.54636,                0.45997,                0.98856,                0.77684,                0.79124,                0.84267,                0.77956,                0.45171,                0.65695,                0.87714,              0.0050217,              0.0050217,              0.0050217
                    354,                0.54682,                 0.4639,                0.98797,                0.77878,                0.78966,                0.84281,                0.77998,                 0.4517,                0.65755,                0.87708,              0.0050076,              0.0050076,              0.0050076
                    355,                0.54482,                0.46681,                0.98764,                0.77634,                0.79124,                0.84304,                0.78002,                0.45171,                0.65722,                0.87683,              0.0049934,              0.0049934,              0.0049934
                    356,                0.54959,                0.46676,                0.98546,                0.76427,                0.80112,                0.84306,                0.78022,                0.45155,                0.65701,                0.87671,              0.0049793,              0.0049793,              0.0049793
                    357,                0.54492,                0.45507,                 0.9847,                0.76406,                0.79993,                0.84333,                0.77953,                0.45157,                0.65673,                0.87672,              0.0049651,              0.0049651,              0.0049651
                    358,                0.54718,                0.45917,                0.98696,                0.76383,                0.79993,                0.84349,                0.77988,                0.45167,                0.65592,                0.87665,               0.004951,               0.004951,               0.004951
                    359,                0.54267,                 0.4581,                0.98721,                 0.7635,                0.80041,                0.84389,                0.78054,                0.45134,                0.65631,                0.87638,              0.0049369,              0.0049369,              0.0049369
                    360,                0.53934,                0.45292,                0.97854,                0.76371,                0.79946,                0.84372,                0.78041,                0.45155,                0.65552,                0.87644,              0.0049227,              0.0049227,              0.0049227
                    361,                0.54227,                0.45311,                0.98596,                0.76394,                0.79946,                0.84362,                0.78073,                0.45148,                0.65572,                 0.8763,              0.0049086,              0.0049086,              0.0049086
                    362,                0.54673,                0.46676,                0.98446,                0.76436,                0.79948,                0.84344,                0.78041,                 0.4513,                0.65587,                0.87606,              0.0048944,              0.0048944,              0.0048944
                    363,                 0.5396,                0.45066,                0.98151,                0.76476,                0.79881,                0.84382,                0.78041,                0.45123,                0.65543,                0.87592,              0.0048803,              0.0048803,              0.0048803
                    364,                 0.5407,                0.45541,                0.98573,                0.76713,                0.79584,                0.84389,                0.78038,                0.45117,                0.65528,                0.87589,              0.0048661,              0.0048661,              0.0048661
                    365,                0.53779,                0.45166,                0.98534,                0.78047,                0.78842,                0.84379,                0.78071,                0.45107,                0.65483,                0.87567,               0.004852,               0.004852,               0.004852
                    366,                0.54362,                0.45516,                0.99019,                0.78017,                0.78529,                 0.8438,                0.78075,                0.45126,                0.65487,                0.87564,              0.0048379,              0.0048379,              0.0048379
                    367,                0.54256,                0.44828,                0.98637,                0.77929,                0.78557,                 0.8439,                0.78087,                0.45097,                0.65473,                0.87532,              0.0048237,              0.0048237,              0.0048237
                    368,                0.53968,                0.45603,                0.98394,                0.77901,                 0.7853,                0.84388,                0.78105,                0.45073,                0.65433,                0.87518,              0.0048096,              0.0048096,              0.0048096
                    369,                0.54052,                 0.4497,                0.98338,                0.77823,                0.78742,                0.84421,                0.78112,                0.45076,                0.65454,                0.87504,              0.0047954,              0.0047954,              0.0047954
                    370,                0.54109,                0.45353,                0.98417,                 0.7786,                0.78771,                0.84417,                0.78124,                0.45099,                0.65411,                0.87516,              0.0047813,              0.0047813,              0.0047813
                    371,                0.54056,                0.44818,                0.98114,                0.77875,                 0.7875,                0.84421,                0.78107,                0.45102,                 0.6544,                0.87507,              0.0047671,              0.0047671,              0.0047671
                    372,                0.54231,                0.45091,                0.98806,                0.77789,                0.78796,                0.84376,                0.78101,                0.45059,                0.65431,                0.87474,               0.004753,               0.004753,               0.004753
                    373,                0.54423,                0.44743,                0.98112,                0.77697,                0.78943,                0.84345,                0.78068,                0.45111,                0.65453,                 0.8749,              0.0047389,              0.0047389,              0.0047389
                    374,                0.53975,                0.45588,                  0.984,                0.77731,                0.79128,                0.84316,                0.78056,                0.45084,                0.65464,                0.87473,              0.0047247,              0.0047247,              0.0047247
                    375,                0.54281,                0.44791,                0.98296,                0.77677,                 0.7907,                0.84296,                0.78059,                0.45091,                0.65466,                0.87474,              0.0047106,              0.0047106,              0.0047106
                    376,                0.53675,                0.45295,                0.98564,                0.77644,                0.79104,                0.84271,                0.77997,                0.45096,                0.65533,                0.87467,              0.0046964,              0.0046964,              0.0046964
                    377,                 0.5362,                0.44983,                0.98032,                 0.7757,                0.79224,                0.84255,                   0.78,                0.45072,                0.65623,                0.87453,              0.0046823,              0.0046823,              0.0046823
                    378,                0.53665,                0.45469,                0.98404,                 0.7764,                0.79106,                0.84249,                0.77988,                0.45079,                0.65694,                0.87445,              0.0046681,              0.0046681,              0.0046681
                    379,                0.53834,                0.44891,                0.98226,                0.77678,                 0.7907,                0.84253,                0.77952,                0.45079,                0.65648,                0.87457,               0.004654,               0.004654,               0.004654
                    380,                0.53635,                0.44721,                0.97969,                0.77731,                0.79056,                0.84244,                0.77965,                0.45077,                0.65721,                0.87437,              0.0046399,              0.0046399,              0.0046399
                    381,                0.53944,                 0.4499,                 0.9852,                0.77678,                0.79079,                0.84215,                0.77918,                0.45064,                0.65732,                0.87439,              0.0046257,              0.0046257,              0.0046257
                    382,                0.54641,                0.44683,                0.98698,                0.77752,                0.79021,                0.84208,                0.77824,                0.45077,                 0.6576,                0.87439,              0.0046116,              0.0046116,              0.0046116
                    383,                0.54243,                 0.4517,                 0.9851,                0.77845,                0.78897,                0.84214,                0.77864,                0.45078,                0.65668,                0.87427,              0.0045974,              0.0045974,              0.0045974
                    384,                0.53858,                0.45417,                0.98666,                0.77826,                 0.7868,                0.84183,                0.77839,                0.45083,                0.65673,                0.87422,              0.0045833,              0.0045833,              0.0045833
                    385,                 0.5363,                0.45454,                0.98198,                0.77935,                 0.7853,                0.84164,                0.77877,                0.45084,                0.65682,                0.87407,              0.0045691,              0.0045691,              0.0045691
                    386,                0.53512,                0.44405,                0.98099,                0.78147,                0.78453,                0.84088,                0.77763,                0.45085,                0.65728,                0.87406,               0.004555,               0.004555,               0.004555
                    387,                0.53795,                0.44676,                0.98284,                0.78289,                0.78738,                0.84064,                 0.7769,                 0.4508,                 0.6579,                0.87396,              0.0045409,              0.0045409,              0.0045409
                    388,                0.53153,                0.44041,                0.98411,                0.78588,                0.78315,                0.84084,                0.77689,                0.45073,                0.65785,                0.87387,              0.0045267,              0.0045267,              0.0045267
                    389,                0.54249,                0.44867,                0.98593,                0.78575,                0.78447,                 0.8406,                0.77695,                0.45061,                0.65847,                0.87382,              0.0045126,              0.0045126,              0.0045126
                    390,                0.53199,                0.44079,                0.98158,                0.78546,                 0.7835,                0.84071,                0.77758,                0.45058,                0.65828,                0.87374,              0.0044984,              0.0044984,              0.0044984
                    391,                0.53631,                 0.4398,                0.98583,                 0.7915,                0.77973,                0.84076,                0.77752,                0.45067,                0.65856,                0.87362,              0.0044843,              0.0044843,              0.0044843
                    392,                0.53497,                0.43808,                0.98152,                 0.7918,                0.77978,                0.84094,                0.77758,                0.45071,                0.65893,                0.87357,              0.0044701,              0.0044701,              0.0044701
                    393,                0.52432,                0.43303,                0.98074,                0.79612,                0.77407,                0.84085,                0.77742,                0.45061,                0.65921,                0.87357,               0.004456,               0.004456,               0.004456
                    394,                0.53401,                 0.4362,                0.98017,                0.79709,                0.77351,                0.84036,                0.77701,                0.45076,                0.65967,                0.87347,              0.0044419,              0.0044419,              0.0044419
                    395,                0.53844,                0.43863,                0.98301,                0.79796,                0.77302,                0.84066,                0.77768,                0.45062,                0.65965,                0.87319,              0.0044277,              0.0044277,              0.0044277
                    396,                0.53342,                0.44271,                0.97794,                0.79536,                0.77912,                0.84056,                0.77758,                0.45046,                0.66005,                0.87299,              0.0044136,              0.0044136,              0.0044136
                    397,                 0.5295,                0.43519,                0.97935,                0.79376,                0.77875,                0.84054,                0.77669,                0.45033,                0.66087,                 0.8729,              0.0043994,              0.0043994,              0.0043994
                    398,                 0.5322,                0.44687,                0.97988,                0.79057,                0.77874,                0.84062,                0.77701,                0.45028,                0.66077,                0.87283,              0.0043853,              0.0043853,              0.0043853
                    399,                0.53492,                0.43987,                0.98255,                0.79065,                0.77601,                 0.8403,                0.77712,                0.45035,                0.66055,                0.87274,              0.0043711,              0.0043711,              0.0043711
                    400,                0.54068,                 0.4434,                0.97966,                0.79136,                0.77485,                0.84005,                0.77673,                0.45028,                0.66114,                0.87262,               0.004357,               0.004357,               0.004357
                    401,                0.53995,                0.43894,                0.98363,                0.79093,                0.77349,                0.84021,                0.77685,                 0.4502,                0.66186,                0.87253,              0.0043429,              0.0043429,              0.0043429
                    402,                 0.5329,                0.43937,                0.97939,                0.78983,                0.77362,                0.84013,                0.77726,                0.45025,                0.66112,                 0.8723,              0.0043287,              0.0043287,              0.0043287
                    403,                0.52614,                0.43296,                0.97605,                 0.7718,                0.79056,                0.84014,                0.77676,                 0.4503,                0.66062,                0.87229,              0.0043146,              0.0043146,              0.0043146
                    404,                0.52929,                0.43676,                0.97542,                0.77355,                0.79054,                0.84009,                0.77704,                0.45043,                0.66093,                0.87228,              0.0043004,              0.0043004,              0.0043004
                    405,                0.53077,                0.44094,                0.98176,                 0.7738,                0.79092,                0.84012,                0.77738,                0.45055,                0.66122,                 0.8723,              0.0042863,              0.0042863,              0.0042863
                    406,                 0.5257,                0.42672,                0.97484,                0.77443,                0.78983,                0.83997,                0.77668,                0.45067,                0.66104,                0.87211,              0.0042721,              0.0042721,              0.0042721
                    407,                0.53031,                0.43466,                0.98015,                0.77571,                0.78859,                0.84043,                0.77656,                 0.4507,                 0.6608,                0.87206,               0.004258,               0.004258,               0.004258
                    408,                0.52769,                0.42764,                0.97961,                0.77619,                0.78799,                0.84021,                0.77736,                0.45071,                 0.6606,                0.87205,              0.0042439,              0.0042439,              0.0042439
                    409,                0.52945,                0.43759,                0.97894,                0.77495,                0.78907,                0.83978,                  0.777,                0.45075,                0.66075,                0.87203,              0.0042297,              0.0042297,              0.0042297
                    410,                0.52946,                0.42959,                 0.9791,                0.77504,                0.78907,                0.83971,                0.77696,                0.45054,                0.66147,                  0.872,              0.0042156,              0.0042156,              0.0042156
                    411,                0.53467,                0.44029,                0.98586,                0.77735,                0.78863,                0.83978,                0.77661,                0.45066,                0.66162,                0.87204,              0.0042014,              0.0042014,              0.0042014
                    412,                0.52402,                0.43638,                0.97852,                0.77828,                0.78853,                0.83993,                0.77719,                0.45085,                0.66146,                0.87206,              0.0041873,              0.0041873,              0.0041873
                    413,                0.52795,                0.44321,                0.97597,                0.77846,                0.78799,                0.83974,                0.77704,                0.45093,                0.66082,                0.87198,              0.0041731,              0.0041731,              0.0041731
                    414,                0.53004,                0.43545,                0.97266,                0.77778,                0.78853,                0.83967,                0.77703,                0.45076,                0.66216,                0.87191,               0.004159,               0.004159,               0.004159
                    415,                0.52235,                0.42765,                0.97472,                0.77828,                0.78853,                0.83927,                0.77686,                0.45058,                 0.6617,                0.87188,              0.0041449,              0.0041449,              0.0041449
                    416,                0.52703,                0.43349,                0.97545,                0.77874,                0.78853,                0.83929,                0.77611,                0.45032,                0.66215,                0.87163,              0.0041307,              0.0041307,              0.0041307
                    417,                0.52347,                 0.4338,                0.97638,                0.77917,                0.78871,                0.83971,                0.77728,                0.45062,                0.66256,                0.87143,              0.0041166,              0.0041166,              0.0041166
                    418,                0.52386,                0.42868,                0.97247,                 0.7805,                0.78853,                0.83978,                0.77613,                0.45069,                0.66211,                0.87142,              0.0041024,              0.0041024,              0.0041024
                    419,                0.52621,                0.42463,                0.97713,                 0.7816,                0.78799,                0.83957,                0.77576,                0.45101,                 0.6624,                 0.8714,              0.0040883,              0.0040883,              0.0040883
                    420,                0.52763,                0.43424,                0.97702,                0.78165,                0.78734,                0.83969,                0.77649,                 0.4507,                0.66253,                0.87133,              0.0040741,              0.0040741,              0.0040741
                    421,                0.52247,                0.42263,                0.97336,                0.78222,                0.78799,                0.83914,                0.77594,                0.45106,                0.66242,                0.87146,                0.00406,                0.00406,                0.00406
                    422,                0.51858,                 0.4232,                0.97623,                0.78149,                 0.7875,                 0.8394,                0.77601,                0.45102,                0.66231,                0.87135,              0.0040459,              0.0040459,              0.0040459
                    423,                0.52353,                0.43058,                0.97071,                 0.7806,                0.78804,                0.83931,                0.77622,                0.45124,                0.66203,                0.87141,              0.0040317,              0.0040317,              0.0040317
                    424,                0.53003,                0.43163,                0.97863,                0.78137,                 0.7884,                0.83915,                0.77614,                0.45132,                0.66244,                0.87144,              0.0040176,              0.0040176,              0.0040176
                    425,                0.52761,                0.42885,                0.97942,                0.78077,                0.78853,                0.83911,                0.77594,                 0.4513,                0.66177,                 0.8713,              0.0040034,              0.0040034,              0.0040034
                    426,                  0.521,                0.42103,                0.97535,                  0.782,                  0.789,                0.83936,                0.77615,                0.45127,                0.66122,                0.87127,              0.0039893,              0.0039893,              0.0039893
                    427,                0.51728,                0.42938,                0.97278,                0.78291,                0.78907,                0.83899,                 0.7759,                0.45106,                0.66098,                0.87121,              0.0039751,              0.0039751,              0.0039751
                    428,                0.52137,                   0.43,                0.97577,                 0.7819,                0.79015,                0.83882,                0.77573,                0.45116,                0.66018,                0.87114,               0.003961,               0.003961,               0.003961
                    429,                0.51861,                0.42616,                0.97507,                0.78285,                0.79015,                0.83967,                0.77687,                0.45116,                0.65983,                0.87113,              0.0039469,              0.0039469,              0.0039469
                    430,                0.52204,                0.42757,                0.97357,                0.78367,                0.79015,                 0.8394,                0.77639,                 0.4513,                0.65991,                0.87116,              0.0039327,              0.0039327,              0.0039327
                    431,                0.52159,                0.42931,                 0.9727,                0.78333,                0.79043,                0.83916,                0.77628,                0.45144,                0.65989,                 0.8712,              0.0039186,              0.0039186,              0.0039186
                    432,                0.51854,                0.42558,                0.97275,                0.78267,                0.79055,                0.83927,                0.77611,                0.45134,                0.65947,                0.87115,              0.0039044,              0.0039044,              0.0039044
                    433,                0.51485,                0.42334,                0.96641,                0.78331,                0.79217,                0.83941,                0.77627,                 0.4513,                0.65956,                0.87114,              0.0038903,              0.0038903,              0.0038903
                    434,                 0.5232,                 0.4225,                0.96935,                0.78375,                0.79264,                0.83917,                 0.7761,                0.45122,                0.65904,                0.87098,              0.0038761,              0.0038761,              0.0038761
                    435,                0.52454,                0.43417,                0.97595,                0.78402,                0.79299,                0.83947,                 0.7759,                0.45129,                0.65869,                0.87091,               0.003862,               0.003862,               0.003862
                    436,                0.51891,                0.42305,                0.97052,                0.78422,                0.79298,                   0.84,                0.77673,                0.45154,                0.65843,                0.87098,              0.0038479,              0.0038479,              0.0038479
                    437,                0.52181,                0.41944,                0.97543,                0.78418,                0.79253,                0.83974,                0.77658,                0.45138,                0.65812,                0.87083,              0.0038337,              0.0038337,              0.0038337
                    438,                0.51995,                0.42356,                0.97406,                0.78452,                 0.7929,                0.83967,                0.77659,                0.45136,                0.65816,                0.87092,              0.0038196,              0.0038196,              0.0038196
                    439,                0.52035,                0.42511,                0.97267,                0.78524,                0.79253,                0.83954,                0.77649,                0.45132,                0.65758,                0.87073,              0.0038054,              0.0038054,              0.0038054
                    440,                 0.5154,                0.41816,                0.96899,                0.78551,                0.79189,                0.83878,                0.77565,                0.45141,                0.65746,                0.87064,              0.0037913,              0.0037913,              0.0037913
                    441,                 0.5158,                 0.4201,                0.96681,                0.78497,                 0.7917,                0.83883,                 0.7756,                0.45148,                0.65782,                0.87061,              0.0037771,              0.0037771,              0.0037771
                    442,                0.51547,                0.41805,                0.97069,                0.78506,                 0.7921,                0.83892,                0.77562,                0.45135,                0.65731,                0.87048,               0.003763,               0.003763,               0.003763
                    443,                0.51316,                0.41636,                  0.966,                0.78525,                0.79214,                0.83877,                0.77549,                0.45131,                0.65711,                 0.8704,              0.0037489,              0.0037489,              0.0037489
                    444,                0.51892,                0.42448,                0.97237,                0.78573,                0.79239,                0.83884,                0.77549,                0.45132,                0.65747,                 0.8703,              0.0037347,              0.0037347,              0.0037347
                    445,                  0.516,                0.41628,                0.96791,                0.78546,                0.79167,                0.83865,                 0.7752,                 0.4509,                0.65798,                0.87011,              0.0037206,              0.0037206,              0.0037206
                    446,                 0.5158,                0.41476,                0.97043,                0.78549,                0.79077,                0.83869,                0.77581,                0.45093,                0.65815,                 0.8701,              0.0037064,              0.0037064,              0.0037064
                    447,                0.51397,                0.41916,                0.97094,                0.78538,                0.79121,                0.83857,                0.77618,                0.45073,                0.65811,                0.87003,              0.0036923,              0.0036923,              0.0036923
                    448,                0.50966,                0.41256,                0.96868,                0.78517,                0.79208,                0.83894,                0.77571,                0.45081,                0.65851,                0.86983,              0.0036781,              0.0036781,              0.0036781
                    449,                 0.5176,                0.41774,                0.97457,                0.78529,                0.79183,                0.83879,                0.77578,                0.45069,                0.65833,                0.86971,               0.003664,               0.003664,               0.003664
                    450,                0.51096,                0.41251,                0.96985,                0.78537,                0.79125,                0.83858,                0.77594,                0.45068,                0.65807,                0.86968,              0.0036499,              0.0036499,              0.0036499
                    451,                0.51553,                0.41276,                0.97077,                 0.7851,                0.79138,                0.83884,                0.77589,                0.45058,                0.65818,                0.86947,              0.0036357,              0.0036357,              0.0036357
                    452,                0.52049,                0.42149,                0.97076,                0.78632,                0.79138,                0.83838,                0.77554,                0.45057,                0.65837,                0.86932,              0.0036216,              0.0036216,              0.0036216
                    453,                0.51414,                 0.4117,                0.96972,                0.78544,                0.79187,                0.83861,                0.77567,                0.45051,                0.65926,                0.86916,              0.0036074,              0.0036074,              0.0036074
                    454,                0.51447,                0.41809,                0.97306,                0.78611,                0.79108,                0.83888,                0.77638,                0.45022,                0.65907,                0.86906,              0.0035933,              0.0035933,              0.0035933
                    455,                0.51873,                0.42015,                0.97391,                0.78527,                0.79073,                0.83938,                0.77711,                 0.4501,                 0.6595,                0.86903,              0.0035791,              0.0035791,              0.0035791
                    456,                0.51745,                0.41441,                0.97193,                0.78518,                  0.791,                 0.8393,                0.77651,                0.45021,                0.65997,                0.86903,               0.003565,               0.003565,               0.003565
                    457,                0.51414,                 0.4128,                0.96649,                0.78493,                0.79181,                0.83887,                0.77612,                0.45009,                0.66032,                0.86887,              0.0035509,              0.0035509,              0.0035509
                    458,                0.50262,                0.41143,                 0.9645,                0.77915,                0.79087,                0.83869,                0.77611,                0.44998,                0.66095,                0.86885,              0.0035367,              0.0035367,              0.0035367
                    459,                0.51057,                0.41349,                 0.9673,                  0.778,                0.79171,                0.83894,                 0.7761,                0.44987,                0.66125,                 0.8687,              0.0035226,              0.0035226,              0.0035226
                    460,                0.51163,                0.41043,                0.97077,                0.77851,                0.79365,                0.83839,                0.77548,                 0.4499,                0.66164,                0.86848,              0.0035084,              0.0035084,              0.0035084
                    461,                0.50907,                0.41208,                 0.9667,                 0.7793,                0.79191,                0.83861,                0.77591,                0.45017,                0.66235,                0.86834,              0.0034943,              0.0034943,              0.0034943
                    462,                0.50687,                0.41099,                0.96539,                 0.7785,                0.79387,                0.83793,                0.77519,                0.45007,                0.66202,                0.86818,              0.0034801,              0.0034801,              0.0034801
                    463,                0.51069,                0.40721,                0.96262,                 0.7762,                0.79751,                0.83816,                0.77541,                0.45021,                0.66229,                0.86807,               0.003466,               0.003466,               0.003466
                    464,                0.51034,                0.41029,                0.96813,                0.77571,                0.79772,                0.83791,                0.77531,                0.45025,                0.66167,                0.86791,              0.0034519,              0.0034519,              0.0034519
                    465,                0.51149,                0.40987,                0.96617,                0.77598,                0.79751,                0.83769,                0.77483,                0.45017,                0.66181,                0.86786,              0.0034377,              0.0034377,              0.0034377
                    466,                0.51069,                0.41431,                0.96798,                 0.7769,                0.79705,                 0.8375,                0.77444,                0.45011,                0.66165,                0.86772,              0.0034236,              0.0034236,              0.0034236
                    467,                0.50777,                0.40303,                0.96623,                0.77822,                0.79578,                0.83781,                0.77485,                0.45003,                0.66171,                0.86764,              0.0034094,              0.0034094,              0.0034094
                    468,                0.50902,                0.41247,                0.96807,                0.77223,                0.80119,                0.83794,                0.77505,                   0.45,                0.66196,                0.86754,              0.0033953,              0.0033953,              0.0033953
                    469,                0.50188,                0.40891,                0.96477,                 0.7716,                0.80472,                0.83823,                0.77584,                0.45026,                 0.6616,                0.86742,              0.0033811,              0.0033811,              0.0033811
                    470,                0.50745,                0.40514,                0.96875,                0.77218,                0.80501,                0.83819,                0.77554,                 0.4503,                0.66123,                0.86729,               0.003367,               0.003367,               0.003367
