                  epoch,         train/box_loss,         train/cls_loss,         train/dfl_loss,   metrics/precision(B),      metrics/recall(B),       metrics/mAP50(B),    metrics/mAP50-95(B),           val/box_loss,           val/cls_loss,           val/dfl_loss,                 lr/pg0,                 lr/pg1,                 lr/pg2
                      1,                 3.2675,                 4.5887,                 4.1501,                0.00617,                0.01145,                0.00208,                0.00063,                 3.0843,                 6.3076,                 4.0453,              0.0033247,              0.0033247,              0.0033247
                      2,                 2.4081,                 3.2153,                 3.2156,                0.22909,                0.37098,                 0.1848,                0.10649,                 1.5547,                 2.9842,                  2.353,              0.0066487,              0.0066487,              0.0066487
                      3,                 1.5794,                 2.2204,                 2.2293,                0.24828,                0.45119,                0.24248,                0.16129,                 1.3178,                 2.0165,                 1.9253,              0.0099631,              0.0099631,              0.0099631
                      4,                 1.3457,                 1.8397,                 1.9264,                0.25146,                0.55125,                0.28533,                0.20994,                0.96906,                 2.0172,                 1.5618,              0.0099576,              0.0099576,              0.0099576
                      5,                 1.2445,                 1.6804,                 1.8059,                0.27328,                0.52973,                0.32027,                0.22253,                 1.0987,                 1.5221,                 1.6157,              0.0099434,              0.0099434,              0.0099434
                      6,                 1.1615,                 1.5716,                  1.703,                 0.3704,                0.60239,                0.45922,                0.37048,                0.77827,                 1.3787,                 1.3434,              0.0099293,              0.0099293,              0.0099293
                      7,                 1.0571,                 1.4614,                 1.5985,                0.38508,                0.55372,                0.43895,                0.35179,                0.76708,                 1.3632,                 1.3291,              0.0099151,              0.0099151,              0.0099151
                      8,                 1.0147,                 1.4262,                 1.5458,                0.45421,                0.64225,                0.50826,                0.41247,                0.70672,                 1.3118,                 1.2479,               0.009901,               0.009901,               0.009901
                      9,                0.96642,                 1.3715,                 1.4985,                0.48567,                 0.5683,                0.53956,                0.44665,                0.67585,                 1.3232,                  1.212,              0.0098869,              0.0098869,              0.0098869
                     10,                0.92737,                 1.3315,                 1.4653,                0.43392,                0.61678,                0.53006,                0.43642,                0.66649,                 1.2226,                 1.2072,              0.0098727,              0.0098727,              0.0098727
                     11,                0.90502,                 1.2859,                 1.4327,                  0.559,                0.63795,                  0.604,                0.49494,                0.69418,                 1.2125,                  1.252,              0.0098586,              0.0098586,              0.0098586
                     12,                0.87734,                 1.2492,                 1.4036,                0.59944,                0.62929,                0.62545,                 0.5247,                0.64686,                 1.1083,                 1.1729,              0.0098444,              0.0098444,              0.0098444
                     13,                0.87522,                 1.2432,                 1.3927,                0.61382,                0.60423,                0.60442,                0.51465,                0.61301,                 1.0547,                 1.1362,              0.0098303,              0.0098303,              0.0098303
                     14,                0.84806,                 1.2117,                 1.3722,                0.61393,                0.60518,                0.62804,                0.53453,                0.63331,                 1.0419,                 1.1737,              0.0098161,              0.0098161,              0.0098161
                     15,                0.84004,                 1.1993,                 1.3634,                0.60123,                0.57972,                0.64232,                0.55113,                0.61296,                 1.0666,                 1.1321,               0.009802,               0.009802,               0.009802
                     16,                0.82321,                 1.1674,                 1.3454,                0.58939,                 0.5815,                0.63086,                0.54248,                0.60263,                 0.9909,                 1.1385,              0.0097879,              0.0097879,              0.0097879
                     17,                0.81448,                 1.1566,                 1.3371,                0.68825,                0.57438,                0.64702,                0.56391,                0.57913,                 1.0394,                 1.1029,              0.0097737,              0.0097737,              0.0097737
                     18,                0.81312,                 1.1376,                 1.3176,                 0.6278,                0.68645,                0.71055,                0.61248,                0.59803,                0.95377,                 1.1149,              0.0097596,              0.0097596,              0.0097596
                     19,                0.79705,                 1.1222,                 1.3197,                0.70183,                0.58655,                0.71009,                0.62749,                0.58158,                0.92942,                 1.1029,              0.0097454,              0.0097454,              0.0097454
                     20,                0.79624,                 1.1138,                 1.3004,                0.68393,                0.68836,                0.71775,                0.62234,                0.58659,                0.96788,                 1.1028,              0.0097313,              0.0097313,              0.0097313
                     21,                0.78403,                 1.0926,                  1.297,                0.62488,                0.69668,                0.72724,                0.63192,                  0.591,                0.91761,                 1.0927,              0.0097171,              0.0097171,              0.0097171
                     22,                0.78482,                 1.1082,                 1.2895,                 0.6083,                0.70878,                0.71394,                 0.6194,                0.59046,                0.97782,                 1.0979,               0.009703,               0.009703,               0.009703
                     23,                0.76678,                 1.0815,                  1.287,                0.65996,                0.68336,                0.72608,                0.64502,                0.53574,                0.88018,                 1.0556,              0.0096889,              0.0096889,              0.0096889
                     24,                0.76992,                 1.0636,                 1.2812,                0.69199,                0.67942,                0.73197,                0.64291,                0.55825,                 0.9219,                 1.0736,              0.0096747,              0.0096747,              0.0096747
                     25,                0.74791,                 1.0539,                 1.2579,                0.71646,                0.71067,                0.77184,                0.67422,                0.55276,                0.84267,                 1.0729,              0.0096606,              0.0096606,              0.0096606
                     26,                0.75599,                 1.0529,                 1.2578,                0.66628,                0.62377,                0.71738,                0.62955,                0.54731,                0.89449,                 1.0508,              0.0096464,              0.0096464,              0.0096464
                     27,                0.74134,                 1.0331,                 1.2546,                0.63047,                0.67103,                0.71593,                0.62074,                 0.5665,                0.92086,                 1.0647,              0.0096323,              0.0096323,              0.0096323
                     28,                0.74717,                 1.0357,                 1.2479,                0.68203,                0.75426,                0.78979,                0.69389,                0.55558,                0.82362,                 1.0624,              0.0096181,              0.0096181,              0.0096181
                     29,                0.74779,                 1.0261,                 1.2423,                0.72735,                0.70499,                0.77045,                0.68105,                 0.5461,                0.86607,                 1.0645,               0.009604,               0.009604,               0.009604
                     30,                0.73763,                 1.0334,                 1.2441,                0.72382,                0.71749,                0.79052,                0.69342,                 0.5454,                0.81306,                 1.0545,              0.0095899,              0.0095899,              0.0095899
                     31,                0.73134,                  1.012,                 1.2375,                 0.6907,                0.71182,                0.76142,                0.66499,                0.55403,                0.83495,                 1.0658,              0.0095757,              0.0095757,              0.0095757
                     32,                0.73031,                0.99133,                 1.2374,                0.70377,                0.79133,                0.79116,                0.69689,                0.53718,                0.81175,                 1.0407,              0.0095616,              0.0095616,              0.0095616
                     33,                0.73691,                 0.9873,                 1.2341,                0.68932,                0.77671,                0.78525,                0.69242,                 0.5301,                0.82685,                 1.0402,              0.0095474,              0.0095474,              0.0095474
                     34,                 0.7263,                0.99743,                 1.2316,                0.68782,                0.76831,                0.80521,                0.71455,                0.52257,                0.76364,                 1.0316,              0.0095333,              0.0095333,              0.0095333
                     35,                0.71351,                0.96106,                 1.2202,                0.75014,                0.71485,                0.80404,                0.70836,                0.54529,                0.77906,                 1.0627,              0.0095191,              0.0095191,              0.0095191
                     36,                0.71423,                0.95765,                 1.2207,                0.66509,                  0.791,                0.79024,                0.70489,                0.52149,                0.76639,                 1.0301,               0.009505,               0.009505,               0.009505
                     37,                0.70864,                0.95186,                 1.2161,                0.68995,                0.74006,                0.78823,                0.69862,                0.51281,                0.78025,                 1.0175,              0.0094909,              0.0094909,              0.0094909
                     38,                0.70829,                0.95331,                 1.2169,                0.68582,                0.75197,                0.80597,                0.71264,                0.52474,                 0.7618,                 1.0305,              0.0094767,              0.0094767,              0.0094767
                     39,                0.71099,                0.94543,                 1.2163,                0.71304,                0.79022,                0.80256,                0.71671,                0.51049,                0.77447,                 1.0133,              0.0094626,              0.0094626,              0.0094626
                     40,                0.71269,                  0.949,                 1.2195,                0.71463,                0.76185,                0.80736,                0.72497,                0.51172,                  0.747,                 1.0114,              0.0094484,              0.0094484,              0.0094484
                     41,                0.69817,                 0.9363,                 1.1997,                0.73558,                0.76178,                0.80897,                0.72456,                0.50646,                0.74504,                 1.0116,              0.0094343,              0.0094343,              0.0094343
                     42,                0.69442,                0.93364,                 1.2042,                 0.7257,                0.72701,                0.79905,                0.71159,                0.52694,                0.76004,                 1.0362,              0.0094201,              0.0094201,              0.0094201
                     43,                0.69521,                0.92461,                 1.2033,                0.75497,                0.77595,                 0.8239,                0.72778,                0.53078,                0.71616,                 1.0438,               0.009406,               0.009406,               0.009406
                     44,                0.69675,                0.92777,                  1.203,                0.68804,                0.75851,                0.80117,                0.71989,                0.49081,                 0.7578,                0.98681,              0.0093919,              0.0093919,              0.0093919
                     45,                0.69677,                0.91739,                 1.1966,                0.70511,                0.76002,                0.82136,                0.73943,                0.49466,                0.74504,                0.99093,              0.0093777,              0.0093777,              0.0093777
                     46,                0.68597,                0.90417,                 1.1893,                0.71378,                0.77466,                0.81689,                0.73634,                 0.4913,                0.73095,                0.99138,              0.0093636,              0.0093636,              0.0093636
                     47,                0.68602,                0.90556,                 1.1929,                0.71416,                0.76933,                0.81242,                0.72193,                0.52015,                0.73118,                 1.0387,              0.0093494,              0.0093494,              0.0093494
                     48,                0.69312,                0.90932,                 1.1923,                0.74574,                0.78565,                0.82485,                0.73923,                0.50162,                0.72929,                 1.0041,              0.0093353,              0.0093353,              0.0093353
                     49,                0.68896,                0.89646,                 1.1977,                0.74332,                0.77476,                0.82867,                0.74246,                0.49201,                0.72714,                0.99886,              0.0093211,              0.0093211,              0.0093211
                     50,                0.67393,                0.88003,                 1.1774,                 0.7376,                0.76948,                0.82353,                0.73829,                0.49867,                0.72468,                 1.0057,               0.009307,               0.009307,               0.009307
                     51,                0.67642,                0.87835,                 1.1812,                0.78378,                0.73377,                0.82722,                0.74269,                 0.4966,                0.72832,                0.99438,              0.0092929,              0.0092929,              0.0092929
                     52,                0.67542,                0.88194,                 1.1762,                0.73676,                0.77163,                0.81482,                 0.7305,                0.50187,                0.72249,                 1.0089,              0.0092787,              0.0092787,              0.0092787
                     53,                0.67823,                 0.8794,                 1.1764,                 0.7254,                0.79049,                  0.831,                0.74074,                0.48763,                 0.7005,                0.98304,              0.0092646,              0.0092646,              0.0092646
                     54,                0.67319,                0.86609,                 1.1751,                0.77505,                0.76563,                 0.8387,                0.75322,                0.48557,                0.69433,                 0.9839,              0.0092504,              0.0092504,              0.0092504
                     55,                0.67325,                0.87435,                 1.1789,                0.77043,                0.75559,                0.82629,                0.74623,                0.48673,                 0.7066,                0.98889,              0.0092363,              0.0092363,              0.0092363
                     56,                0.66887,                 0.8579,                 1.1751,                0.75629,                0.80612,                0.82966,                0.75087,                0.48625,                0.68151,                0.99594,              0.0092221,              0.0092221,              0.0092221
                     57,                0.66675,                0.85943,                 1.1744,                 0.7894,                0.75144,                0.83752,                0.75501,                 0.4993,                0.67069,                 1.0085,               0.009208,               0.009208,               0.009208
                     58,                0.66371,                0.85462,                 1.1628,                0.78784,                0.74822,                0.83615,                0.75155,                 0.4716,                0.67725,                0.97145,              0.0091939,              0.0091939,              0.0091939
                     59,                0.65824,                0.86715,                 1.1688,                0.73384,                0.78158,                 0.8351,                0.75529,                0.48125,                 0.6746,                0.98204,              0.0091797,              0.0091797,              0.0091797
                     60,                0.66994,                 0.8609,                 1.1706,                0.72295,                0.79475,                0.83737,                0.75562,                0.48319,                0.67691,                0.98709,              0.0091656,              0.0091656,              0.0091656
                     61,                0.66254,                0.85412,                 1.1639,                0.74781,                0.80175,                0.84043,                0.76214,                  0.472,                0.67154,                0.97186,              0.0091514,              0.0091514,              0.0091514
                     62,                0.66409,                0.86413,                 1.1677,                 0.7495,                0.80064,                0.84736,                0.76181,                 0.4864,                0.66466,                0.98611,              0.0091373,              0.0091373,              0.0091373
                     63,                 0.6618,                0.84524,                 1.1574,                0.74001,                0.78685,                 0.8305,                0.74869,                0.48532,                0.68946,                0.99083,              0.0091231,              0.0091231,              0.0091231
                     64,                0.65324,                0.82566,                 1.1579,                 0.7753,                0.76935,                0.83513,                0.75492,                0.46488,                0.67843,                  0.966,               0.009109,               0.009109,               0.009109
                     65,                0.65288,                0.81875,                 1.1546,                0.78741,                0.73801,                0.82888,                0.74662,                0.48557,                0.69285,                0.99295,              0.0090949,              0.0090949,              0.0090949
                     66,                0.65208,                0.82825,                 1.1579,                0.73062,                0.79106,                0.84001,                0.76077,                0.48096,                0.67435,                0.98221,              0.0090807,              0.0090807,              0.0090807
                     67,                0.65307,                0.82035,                 1.1572,                0.76793,                0.78995,                0.84481,                0.76556,                0.47557,                0.66684,                0.97692,              0.0090666,              0.0090666,              0.0090666
                     68,                0.64065,                0.82312,                 1.1531,                0.78991,                0.75653,                0.84076,                0.76385,                0.47728,                0.67156,                0.97928,              0.0090524,              0.0090524,              0.0090524
                     69,                0.65653,                0.82072,                 1.1517,                0.76607,                0.78834,                0.84035,                0.76375,                 0.4868,                0.65925,                0.99981,              0.0090383,              0.0090383,              0.0090383
                     70,                0.65356,                0.82731,                 1.1554,                0.81248,                0.75324,                0.84669,                0.76865,                0.47878,                0.63618,                0.98303,              0.0090241,              0.0090241,              0.0090241
                     71,                0.64953,                0.81834,                 1.1527,                0.77136,                0.77843,                0.85106,                0.77421,                0.47077,                0.64359,                0.97694,                0.00901,                0.00901,                0.00901
                     72,                0.64696,                0.80613,                 1.1515,                0.78627,                0.79411,                0.85416,                0.77971,                0.47104,                0.67316,                0.97909,              0.0089959,              0.0089959,              0.0089959
                     73,                 0.6502,                0.80518,                 1.1474,                0.78907,                0.78454,                0.85091,                0.77303,                0.46439,                 0.6485,                0.96753,              0.0089817,              0.0089817,              0.0089817
                     74,                0.64318,                0.80867,                 1.1469,                0.76559,                0.80471,                0.85225,                0.77654,                0.46003,                 0.6557,                0.95965,              0.0089676,              0.0089676,              0.0089676
                     75,                0.64177,                0.79526,                 1.1535,                0.77096,                0.80381,                 0.8473,                 0.7716,                0.45844,                0.65699,                0.96223,              0.0089534,              0.0089534,              0.0089534
                     76,                0.64242,                0.79913,                 1.1485,                0.72879,                0.83792,                0.85145,                 0.7787,                0.45897,                0.65778,                0.95993,              0.0089393,              0.0089393,              0.0089393
                     77,                 0.6303,                 0.7936,                 1.1313,                  0.771,                0.80274,                0.84704,                0.77611,                0.46024,                0.66865,                0.96314,              0.0089251,              0.0089251,              0.0089251
                     78,                0.64342,                0.80158,                 1.1417,                0.74625,                0.81829,                0.84882,                0.77363,                0.46412,                0.66036,                0.96822,               0.008911,               0.008911,               0.008911
                     79,                0.63807,                0.79259,                 1.1469,                0.73584,                0.82977,                0.84477,                 0.7687,                0.46179,                0.65209,                  0.965,              0.0088969,              0.0088969,              0.0088969
                     80,                0.63574,                0.78543,                  1.142,                0.78766,                0.77429,                0.85271,                0.77915,                0.45758,                0.63724,                0.95625,              0.0088827,              0.0088827,              0.0088827
                     81,                0.63417,                0.78357,                 1.1414,                0.79958,                0.77103,                0.85472,                0.78073,                0.46034,                0.63872,                0.95992,              0.0088686,              0.0088686,              0.0088686
                     82,                0.64351,                0.78373,                 1.1455,                0.78226,                 0.8057,                0.85414,                0.78402,                 0.4579,                0.63988,                0.95635,              0.0088544,              0.0088544,              0.0088544
                     83,                 0.6332,                0.78929,                 1.1389,                0.76821,                0.80938,                0.85696,                0.78151,                0.46833,                 0.6336,                0.97354,              0.0088403,              0.0088403,              0.0088403
                     84,                0.63161,                0.77651,                 1.1447,                0.76903,                 0.8165,                0.85485,                0.77958,                0.46052,                 0.6333,                0.96399,              0.0088261,              0.0088261,              0.0088261
                     85,                0.62845,                0.77834,                 1.1352,                0.75862,                0.82895,                  0.853,                0.77812,                0.46119,                0.63655,                0.96054,               0.008812,               0.008812,               0.008812
                     86,                0.63044,                0.78025,                 1.1326,                 0.7826,                 0.8078,                0.85963,                0.78254,                0.45992,                0.62751,                0.95762,              0.0087979,              0.0087979,              0.0087979
                     87,                0.63651,                0.77847,                 1.1361,                0.81454,                0.78138,                0.85552,                0.78294,                0.45147,                0.62329,                0.95181,              0.0087837,              0.0087837,              0.0087837
                     88,                0.62272,                0.77048,                 1.1342,                0.82228,                0.75175,                0.85423,                0.78106,                0.45055,                0.63538,                0.95145,              0.0087696,              0.0087696,              0.0087696
                     89,                0.63378,                0.76387,                 1.1402,                0.77248,                0.82009,                0.86275,                0.78768,                0.44966,                0.61083,                0.95147,              0.0087554,              0.0087554,              0.0087554
                     90,                0.62661,                0.77792,                 1.1304,                0.81116,                0.79077,                0.86212,                0.78927,                0.44927,                0.61307,                0.94985,              0.0087413,              0.0087413,              0.0087413
                     91,                0.61934,                0.76474,                 1.1258,                0.78164,                0.80236,                0.85995,                0.78569,                0.45666,                 0.6192,                0.95827,              0.0087271,              0.0087271,              0.0087271
                     92,                0.62906,                0.76094,                  1.138,                0.78379,                0.80335,                0.86192,                0.78921,                0.45794,                0.61603,                0.95968,               0.008713,               0.008713,               0.008713
                     93,                0.62723,                 0.7568,                 1.1319,                0.76607,                0.81325,                0.86117,                0.78718,                0.45745,                0.62616,                0.95693,              0.0086989,              0.0086989,              0.0086989
                     94,                0.61753,                0.74401,                 1.1323,                0.78105,                 0.7975,                0.86044,                  0.786,                 0.4523,                0.63252,                0.95177,              0.0086847,              0.0086847,              0.0086847
                     95,                0.60876,                0.74459,                  1.124,                0.77409,                0.81081,                0.85791,                0.78456,                0.45465,                0.63864,                0.95304,              0.0086706,              0.0086706,              0.0086706
                     96,                0.61916,                0.75118,                 1.1226,                0.80711,                0.79306,                0.85855,                0.78661,                0.45155,                0.63167,                0.94965,              0.0086564,              0.0086564,              0.0086564
                     97,                0.61696,                0.74561,                 1.1253,                 0.7775,                 0.8284,                0.86275,                0.79042,                0.45448,                0.62543,                 0.9545,              0.0086423,              0.0086423,              0.0086423
                     98,                0.61097,                0.73079,                 1.1153,                0.78264,                0.81604,                0.86061,                0.78823,                0.45444,                0.62607,                0.95427,              0.0086281,              0.0086281,              0.0086281
                     99,                  0.622,                0.75189,                 1.1282,                0.76098,                0.83103,                0.85679,                0.78409,                0.45424,                0.63673,                 0.9529,               0.008614,               0.008614,               0.008614
                    100,                0.61934,                0.75008,                 1.1269,                0.78896,                0.79316,                0.85698,                 0.7827,                0.45598,                0.62451,                 0.9521,              0.0085999,              0.0085999,              0.0085999
                    101,                0.61633,                0.73374,                 1.1204,                0.75095,                0.84259,                 0.8601,                0.78789,                0.45445,                0.62126,                0.95026,              0.0085857,              0.0085857,              0.0085857
                    102,                0.61763,                0.74584,                 1.1226,                0.77076,                0.83514,                0.86419,                0.79024,                0.45624,                0.61401,                0.95264,              0.0085716,              0.0085716,              0.0085716
                    103,                0.60891,                0.74616,                  1.117,                0.77934,                0.82343,                0.86387,                0.79116,                0.45075,                0.61179,                0.94782,              0.0085574,              0.0085574,              0.0085574
                    104,                0.62077,                0.74232,                 1.1225,                0.78922,                0.81057,                0.86384,                0.79294,                0.44616,                0.60528,                0.94269,              0.0085433,              0.0085433,              0.0085433
                    105,                0.61469,                 0.7355,                 1.1166,                0.79503,                0.82013,                0.86467,                0.79356,                0.44553,                0.60168,                0.94306,              0.0085291,              0.0085291,              0.0085291
                    106,                0.61573,                0.73067,                 1.1111,                0.78937,                0.81745,                0.86155,                0.78962,                0.44393,                0.60118,                0.94189,               0.008515,               0.008515,               0.008515
                    107,                0.61006,                0.73201,                 1.1117,                0.77877,                0.81663,                0.86493,                0.79444,                0.44483,                0.59784,                0.94292,              0.0085009,              0.0085009,              0.0085009
                    108,                0.60874,                0.73347,                 1.1191,                0.78209,                0.81365,                0.86683,                0.79603,                0.44451,                0.60109,                0.94262,              0.0084867,              0.0084867,              0.0084867
                    109,                0.60991,                0.72283,                 1.1176,                0.80754,                0.79045,                0.86593,                0.79506,                0.44631,                0.60321,                0.94517,              0.0084726,              0.0084726,              0.0084726
                    110,                0.61034,                0.72327,                 1.1135,                0.81127,                0.78169,                0.86628,                0.79673,                 0.4407,                 0.5974,                0.94001,              0.0084584,              0.0084584,              0.0084584
                    111,                0.60913,                0.71127,                 1.1182,                0.80436,                0.79102,                0.86528,                 0.7965,                0.44201,                0.59952,                0.94112,              0.0084443,              0.0084443,              0.0084443
                    112,                0.60578,                0.72291,                 1.1152,                0.77784,                0.81483,                0.86776,                0.79651,                0.44152,                0.59721,                0.94171,              0.0084301,              0.0084301,              0.0084301
                    113,                 0.6066,                0.71025,                 1.1115,                0.81398,                 0.7845,                 0.8651,                0.79534,                0.44033,                0.59822,                0.94041,               0.008416,               0.008416,               0.008416
                    114,                0.61414,                0.71507,                 1.1171,                0.81484,                0.77851,                0.86599,                0.79544,                0.43905,                0.60254,                0.94028,              0.0084019,              0.0084019,              0.0084019
                    115,                0.61245,                0.72605,                 1.1081,                0.79591,                0.79788,                0.86773,                0.79719,                 0.4386,                 0.6017,                 0.9397,              0.0083877,              0.0083877,              0.0083877
                    116,                0.60726,                0.71473,                 1.1114,                 0.7919,                0.81296,                 0.8662,                0.79438,                0.43965,                0.59807,                0.94108,              0.0083736,              0.0083736,              0.0083736
                    117,                0.61528,                 0.7191,                 1.1158,                0.78439,                 0.8238,                0.86681,                0.79473,                0.43995,                0.59498,                0.94031,              0.0083594,              0.0083594,              0.0083594
                    118,                0.60971,                0.71389,                 1.1173,                0.79111,                0.81133,                0.86524,                0.79384,                0.43949,                0.59975,                0.94024,              0.0083453,              0.0083453,              0.0083453
                    119,                0.60563,                0.70977,                 1.1145,                 0.7864,                0.81266,                0.86522,                0.79223,                0.44215,                0.59988,                0.94233,              0.0083311,              0.0083311,              0.0083311
                    120,                0.60768,                 0.7112,                 1.1099,                0.77444,                0.83347,                0.86525,                0.79314,                0.44252,                0.59981,                 0.9436,               0.008317,               0.008317,               0.008317
                    121,                0.60061,                0.70013,                 1.1107,                0.81093,                0.78868,                0.86809,                0.79724,                0.44091,                0.59415,                0.94162,              0.0083029,              0.0083029,              0.0083029
                    122,                0.60346,                0.69688,                 1.1016,                0.79369,                0.81253,                0.86896,                 0.7978,                0.43915,                0.59473,                0.93917,              0.0082887,              0.0082887,              0.0082887
                    123,                0.59917,                0.70481,                  1.103,                 0.7885,                0.82049,                 0.8698,                0.79875,                0.43914,                0.59522,                 0.9385,              0.0082746,              0.0082746,              0.0082746
                    124,                0.60309,                0.71426,                 1.1068,                0.79582,                0.81255,                0.86724,                0.79659,                0.43729,                0.59974,                0.93736,              0.0082604,              0.0082604,              0.0082604
                    125,                0.59514,                0.68906,                 1.1093,                 0.7953,                0.81048,                0.86806,                 0.7978,                0.43702,                0.59888,                0.93746,              0.0082463,              0.0082463,              0.0082463
                    126,                0.60147,                0.69375,                 1.1035,                0.80641,                 0.8037,                0.86828,                0.79699,                0.43584,                0.59889,                 0.9372,              0.0082321,              0.0082321,              0.0082321
                    127,                0.59747,                 0.6893,                 1.0967,                0.79956,                0.81253,                0.86657,                 0.7959,                0.43527,                0.60197,                0.93709,               0.008218,               0.008218,               0.008218
                    128,                0.59713,                0.68981,                 1.1031,                0.80923,                0.80471,                0.86513,                0.79554,                0.43571,                0.60102,                0.93763,              0.0082039,              0.0082039,              0.0082039
                    129,                0.60424,                 0.6915,                 1.1148,                0.79587,                0.81256,                 0.8646,                0.79604,                0.43625,                0.60257,                0.93812,              0.0081897,              0.0081897,              0.0081897
                    130,                0.60399,                0.69278,                 1.1018,                 0.7996,                0.81097,                0.86548,                 0.7974,                0.43649,                0.60303,                0.93855,              0.0081756,              0.0081756,              0.0081756
                    131,                0.59947,                0.68031,                 1.1045,                0.79441,                   0.81,                0.86616,                0.79726,                0.43717,                0.60428,                0.93946,              0.0081614,              0.0081614,              0.0081614
                    132,                0.59189,                 0.6929,                 1.1052,                0.79594,                0.81065,                0.86493,                0.79673,                0.43679,                0.60074,                 0.9383,              0.0081473,              0.0081473,              0.0081473
                    133,                0.59354,                0.68384,                 1.1019,                 0.8014,                0.80967,                0.86604,                 0.7963,                0.43727,                0.60112,                 0.9379,              0.0081331,              0.0081331,              0.0081331
                    134,                0.58985,                0.67936,                 1.0961,                0.79886,                0.81155,                0.86548,                 0.7956,                0.43683,                 0.6027,                0.93681,               0.008119,               0.008119,               0.008119
                    135,                0.59696,                0.67544,                 1.1075,                0.81003,                0.80333,                0.86591,                0.79618,                0.43653,                0.60047,                0.93692,              0.0081049,              0.0081049,              0.0081049
                    136,                0.59852,                0.67587,                  1.099,                0.80528,                0.80524,                0.86725,                0.79714,                0.43662,                0.59844,                0.93678,              0.0080907,              0.0080907,              0.0080907
                    137,                0.59576,                0.67978,                 1.0977,                0.80828,                0.80942,                0.86702,                0.79692,                0.43649,                0.60082,                0.93641,              0.0080766,              0.0080766,              0.0080766
                    138,                0.59146,                0.68491,                 1.1014,                0.80539,                0.81497,                 0.8669,                0.79809,                0.43661,                0.60132,                0.93649,              0.0080624,              0.0080624,              0.0080624
                    139,                0.58562,                0.68046,                 1.0918,                0.80147,                0.81256,                 0.8671,                0.79746,                0.43669,                0.59772,                0.93665,              0.0080483,              0.0080483,              0.0080483
                    140,                0.58206,                0.66995,                 1.0956,                0.80263,                0.80968,                0.86617,                0.79732,                0.43702,                0.59642,                0.93687,              0.0080341,              0.0080341,              0.0080341
                    141,                0.58828,                0.67165,                 1.1003,                 0.7845,                0.82695,                0.86626,                0.79791,                0.43638,                 0.5966,                0.93625,                0.00802,                0.00802,                0.00802
                    142,                0.59026,                0.66562,                  1.097,                0.79167,                0.82644,                0.86733,                0.79701,                0.43597,                0.59484,                0.93629,              0.0080059,              0.0080059,              0.0080059
                    143,                0.58646,                0.67061,                 1.0932,                0.80203,                0.81722,                  0.868,                0.79879,                0.43538,                0.59348,                0.93583,              0.0079917,              0.0079917,              0.0079917
                    144,                0.58932,                0.67061,                 1.1023,                0.80837,                0.80961,                0.86839,                0.79957,                0.43514,                0.59455,                0.93545,              0.0079776,              0.0079776,              0.0079776
                    145,                 0.5903,                0.66556,                 1.1022,                0.80938,                0.81046,                0.86844,                0.79925,                0.43556,                0.59534,                0.93524,              0.0079634,              0.0079634,              0.0079634
                    146,                0.58243,                0.66979,                 1.0947,                0.80593,                0.81908,                 0.8688,                0.80059,                 0.4353,                0.59296,                0.93497,              0.0079493,              0.0079493,              0.0079493
                    147,                0.58782,                0.66822,                 1.0945,                 0.8025,                0.81908,                0.86869,                0.80083,                0.43475,                0.59187,                0.93459,              0.0079351,              0.0079351,              0.0079351
                    148,                0.59369,                0.65925,                 1.0942,                0.79849,                0.82136,                0.86848,                0.80161,                0.43434,                0.59406,                0.93432,               0.007921,               0.007921,               0.007921
                    149,                0.58713,                0.65822,                 1.0892,                0.79919,                0.81724,                0.86867,                0.80197,                 0.4341,                0.59204,                0.93411,              0.0079069,              0.0079069,              0.0079069
                    150,                0.58411,                0.65614,                 1.0897,                0.80093,                0.81516,                0.86825,                 0.8017,                0.43354,                0.59172,                0.93421,              0.0078927,              0.0078927,              0.0078927
                    151,                 0.5815,                0.66592,                 1.0907,                0.80079,                0.81773,                0.86838,                0.80151,                0.43315,                0.59148,                0.93395,              0.0078786,              0.0078786,              0.0078786
                    152,                0.59569,                0.66648,                 1.0972,                0.80106,                0.81687,                0.86784,                0.80142,                0.43296,                0.59146,                0.93349,              0.0078644,              0.0078644,              0.0078644
                    153,                0.57894,                0.65631,                 1.0941,                 0.8117,                0.79689,                0.86745,                0.80171,                0.43288,                 0.5912,                0.93333,              0.0078503,              0.0078503,              0.0078503
                    154,                0.58511,                0.64971,                 1.0835,                0.81315,                0.79783,                0.86863,                0.80211,                0.43229,                 0.5907,                0.93283,              0.0078361,              0.0078361,              0.0078361
                    155,                0.58364,                0.65719,                 1.0998,                0.82273,                0.78977,                0.86881,                0.80339,                0.43196,                0.59035,                0.93257,               0.007822,               0.007822,               0.007822
                    156,                0.58158,                 0.6522,                 1.0906,                0.82283,                0.78988,                0.86904,                0.80406,                0.43145,                0.59105,                0.93237,              0.0078079,              0.0078079,              0.0078079
                    157,                0.57262,                0.64831,                 1.0882,                0.82166,                0.79161,                0.86972,                0.80357,                0.43053,                 0.5918,                0.93181,              0.0077937,              0.0077937,              0.0077937
                    158,                0.58932,                0.64286,                 1.0894,                0.82238,                0.79096,                0.86909,                0.80234,                0.42999,                0.59237,                0.93129,              0.0077796,              0.0077796,              0.0077796
                    159,                0.58532,                0.65057,                 1.0861,                0.81215,                0.80452,                0.86977,                0.80277,                0.43028,                0.59239,                0.93119,              0.0077654,              0.0077654,              0.0077654
                    160,                0.57283,                 0.6389,                 1.0844,                0.81284,                0.80442,                0.86897,                0.80203,                0.43021,                0.59214,                0.93109,              0.0077513,              0.0077513,              0.0077513
                    161,                0.57748,                 0.6458,                 1.0889,                0.81204,                0.80323,                0.86852,                0.80199,                0.43021,                0.59137,                0.93092,              0.0077371,              0.0077371,              0.0077371
                    162,                0.57945,                0.64353,                  1.089,                0.81278,                0.80258,                0.86858,                0.80282,                0.43046,                0.59142,                0.93085,               0.007723,               0.007723,               0.007723
                    163,                0.58458,                0.65165,                 1.0909,                0.81114,                0.80545,                 0.8678,                0.80149,                0.43012,                0.59036,                0.93072,              0.0077089,              0.0077089,              0.0077089
                    164,                0.57707,                0.65036,                 1.0885,                0.82911,                0.79302,                0.86748,                0.80109,                0.43036,                0.59056,                0.93075,              0.0076947,              0.0076947,              0.0076947
                    165,                0.58136,                 0.6505,                 1.0924,                0.80318,                0.81243,                0.86737,                0.79922,                0.43041,                0.58996,                0.93101,              0.0076806,              0.0076806,              0.0076806
                    166,                0.57386,                0.63526,                 1.0869,                0.80201,                0.81605,                0.86794,                0.80105,                0.43049,                0.58908,                0.93094,              0.0076664,              0.0076664,              0.0076664
                    167,                0.58136,                0.63759,                 1.0824,                0.80106,                0.81902,                0.86771,                0.80123,                0.43058,                0.58837,                0.93089,              0.0076523,              0.0076523,              0.0076523
                    168,                0.57429,                0.64275,                 1.0858,                0.80123,                0.81709,                0.86776,                0.80187,                0.43051,                0.58659,                 0.9308,              0.0076381,              0.0076381,              0.0076381
                    169,                0.57112,                0.62914,                 1.0797,                0.80423,                0.81463,                0.86845,                0.80297,                0.43063,                0.58578,                0.93067,               0.007624,               0.007624,               0.007624
                    170,                0.57555,                0.63961,                 1.0883,                0.81806,                0.80464,                0.86789,                0.80076,                0.43079,                0.58584,                0.93078,              0.0076099,              0.0076099,              0.0076099
                    171,                0.58175,                0.64148,                  1.082,                0.82232,                0.80215,                 0.8686,                0.80134,                0.43078,                0.58547,                0.93069,              0.0075957,              0.0075957,              0.0075957
                    172,                0.57739,                 0.6325,                 1.0826,                0.82138,                0.80269,                0.86848,                0.80118,                0.43077,                0.58494,                0.93071,              0.0075816,              0.0075816,              0.0075816
                    173,                0.56936,                0.62695,                 1.0794,                0.80636,                0.81471,                0.86901,                0.80174,                0.43088,                0.58478,                0.93064,              0.0075674,              0.0075674,              0.0075674
                    174,                0.56971,                0.63055,                 1.0798,                0.80318,                0.81791,                0.86875,                0.80138,                0.43065,                0.58402,                0.93075,              0.0075533,              0.0075533,              0.0075533
                    175,                0.57417,                0.63152,                  1.085,                0.80325,                0.81833,                0.86953,                0.80372,                0.43067,                0.58285,                0.93078,              0.0075391,              0.0075391,              0.0075391
                    176,                0.57753,                0.62778,                 1.0787,                0.80819,                0.81288,                0.86959,                0.80407,                0.43064,                0.58311,                0.93063,               0.007525,               0.007525,               0.007525
                    177,                0.57234,                0.62517,                 1.0833,                0.79454,                0.82937,                 0.8693,                0.80335,                 0.4308,                0.58236,                0.93078,              0.0075109,              0.0075109,              0.0075109
                    178,                 0.5737,                0.63069,                 1.0796,                0.79389,                0.83037,                0.86959,                0.80371,                0.43074,                0.58244,                 0.9307,              0.0074967,              0.0074967,              0.0074967
                    179,                  0.571,                 0.6302,                 1.0858,                0.79427,                0.82992,                0.87032,                0.80477,                0.43064,                  0.582,                0.93063,              0.0074826,              0.0074826,              0.0074826
                    180,                0.56994,                0.62208,                 1.0787,                 0.7964,                0.82965,                0.87073,                0.80497,                0.43049,                 0.5818,                0.93061,              0.0074684,              0.0074684,              0.0074684
                    181,                0.57244,                0.61426,                 1.0782,                0.79864,                0.82864,                0.86995,                0.80368,                0.43058,                0.58119,                 0.9306,              0.0074543,              0.0074543,              0.0074543
                    182,                0.56569,                0.63119,                 1.0818,                0.80456,                0.81871,                0.86908,                0.80236,                0.43052,                0.58121,                0.93057,              0.0074401,              0.0074401,              0.0074401
                    183,                 0.5686,                0.62403,                 1.0714,                0.80426,                0.82074,                0.86937,                0.80242,                0.43069,                0.58106,                0.93064,               0.007426,               0.007426,               0.007426
                    184,                0.56485,                0.62858,                 1.0776,                 0.8033,                0.82201,                0.86922,                0.80228,                0.43068,                0.58143,                0.93059,              0.0074119,              0.0074119,              0.0074119
                    185,                0.57102,                0.62377,                 1.0782,                0.80416,                0.82193,                0.86952,                  0.804,                0.43071,                0.58106,                0.93055,              0.0073977,              0.0073977,              0.0073977
                    186,                0.56862,                0.62504,                 1.0769,                0.80483,                0.82102,                0.86914,                0.80412,                0.43077,                0.58178,                0.93046,              0.0073836,              0.0073836,              0.0073836
                    187,                0.56617,                 0.6205,                 1.0775,                0.80538,                0.82012,                0.86914,                 0.8021,                0.43058,                0.58147,                0.93053,              0.0073694,              0.0073694,              0.0073694
                    188,                0.56322,                0.61193,                 1.0731,                0.80526,                0.82018,                0.86937,                0.80323,                0.43057,                0.58109,                0.93046,              0.0073553,              0.0073553,              0.0073553
                    189,                0.56861,                0.61338,                 1.0823,                0.80504,                0.81947,                0.86932,                0.80309,                0.43044,                0.58109,                0.93045,              0.0073411,              0.0073411,              0.0073411
                    190,                0.56029,                0.60259,                 1.0735,                0.80562,                0.81998,                0.86942,                0.80231,                0.43043,                0.58121,                0.93033,               0.007327,               0.007327,               0.007327
                    191,                0.56276,                0.61338,                 1.0751,                0.80632,                 0.8202,                0.86933,                0.80209,                 0.4303,                0.58145,                0.93018,              0.0073129,              0.0073129,              0.0073129
                    192,                0.56484,                0.61477,                 1.0717,                0.80587,                0.82247,                0.86938,                0.80231,                0.43003,                0.58097,                0.92991,              0.0072987,              0.0072987,              0.0072987
                    193,                0.56655,                0.62185,                 1.0769,                0.80564,                0.82182,                0.86967,                0.80258,                0.43008,                0.58063,                0.92983,              0.0072846,              0.0072846,              0.0072846
                    194,                0.57391,                0.60476,                 1.0766,                0.80573,                0.82182,                0.86925,                0.80268,                0.43008,                0.58036,                0.92974,              0.0072704,              0.0072704,              0.0072704
                    195,                0.56229,                 0.6087,                 1.0715,                0.80555,                0.82182,                0.86867,                0.80278,                0.43008,                 0.5804,                0.92975,              0.0072563,              0.0072563,              0.0072563
                    196,                0.56628,                0.61993,                 1.0764,                0.80607,                0.82182,                0.86838,                0.80367,                0.43002,                 0.5798,                0.92961,              0.0072421,              0.0072421,              0.0072421
                    197,                0.56772,                0.60628,                 1.0736,                0.80681,                0.82063,                0.86805,                0.80312,                0.42977,                0.57968,                0.92951,               0.007228,               0.007228,               0.007228
                    198,                0.56159,                 0.5968,                 1.0745,                0.80903,                0.82063,                0.86758,                 0.8032,                0.42979,                0.57924,                0.92958,              0.0072139,              0.0072139,              0.0072139
                    199,                0.56548,                0.60626,                 1.0701,                0.80792,                0.82136,                0.86861,                0.80354,                0.42971,                0.57917,                 0.9295,              0.0071997,              0.0071997,              0.0071997
                    200,                 0.5555,                0.59855,                 1.0683,                0.80875,                0.82182,                0.86872,                0.80339,                0.42956,                0.57886,                 0.9297,              0.0071856,              0.0071856,              0.0071856
                    201,                0.55792,                0.60527,                   1.07,                0.81022,                0.82247,                0.86829,                0.80325,                0.42933,                0.57851,                 0.9295,              0.0071714,              0.0071714,              0.0071714
                    202,                0.56303,                0.60184,                 1.0704,                0.81156,                0.82139,                0.86842,                 0.8033,                0.42928,                0.57853,                0.92948,              0.0071573,              0.0071573,              0.0071573
                    203,                0.56767,                0.60801,                 1.0738,                0.81016,                0.82101,                0.86849,                0.80359,                0.42952,                0.57816,                0.92959,              0.0071431,              0.0071431,              0.0071431
                    204,                0.56038,                0.60638,                 1.0683,                0.80995,                0.82252,                0.86842,                0.80354,                0.42941,                0.57801,                0.92943,               0.007129,               0.007129,               0.007129
                    205,                0.56619,                0.58632,                 1.0748,                0.80846,                0.82269,                0.86792,                0.80286,                0.42946,                0.57819,                0.92949,              0.0071149,              0.0071149,              0.0071149
                    206,                0.56256,                0.60523,                 1.0762,                0.81494,                0.81356,                 0.8678,                  0.803,                0.42941,                0.57824,                0.92948,              0.0071007,              0.0071007,              0.0071007
                    207,                 0.5592,                0.60206,                 1.0701,                0.81473,                 0.8136,                 0.8682,                0.80332,                0.42931,                0.57783,                0.92947,              0.0070866,              0.0070866,              0.0070866
                    208,                0.55958,                0.58535,                 1.0726,                0.81465,                0.81324,                0.86798,                 0.8032,                0.42927,                 0.5781,                0.92944,              0.0070724,              0.0070724,              0.0070724
                    209,                0.57041,                0.59724,                 1.0763,                0.81451,                0.81295,                0.86798,                0.80266,                0.42931,                0.57769,                0.92946,              0.0070583,              0.0070583,              0.0070583
                    210,                0.56476,                0.60231,                 1.0693,                0.81542,                0.81294,                0.86875,                0.80359,                0.42913,                0.57788,                0.92937,              0.0070441,              0.0070441,              0.0070441
                    211,                0.56283,                0.59586,                  1.068,                0.81378,                0.81371,                0.86938,                0.80439,                0.42923,                0.57824,                0.92936,                0.00703,                0.00703,                0.00703
                    212,                0.55963,                0.58776,                 1.0655,                0.81459,                0.81533,                0.86882,                0.80368,                0.42931,                0.57884,                0.92942,              0.0070159,              0.0070159,              0.0070159
                    213,                0.56155,                 0.5875,                 1.0772,                0.81109,                0.81817,                0.86883,                0.80371,                0.42906,                0.57924,                0.92933,              0.0070017,              0.0070017,              0.0070017
                    214,                0.55968,                0.59342,                 1.0699,                0.81099,                0.81868,                0.86875,                0.80398,                0.42907,                0.58012,                0.92936,              0.0069876,              0.0069876,              0.0069876
                    215,                0.56854,                0.58921,                 1.0724,                0.81049,                0.81869,                0.86865,                0.80387,                0.42909,                0.58059,                0.92921,              0.0069734,              0.0069734,              0.0069734
                    216,                0.55397,                0.58871,                 1.0641,                0.80915,                0.81782,                0.86834,                 0.8034,                0.42909,                0.58153,                0.92916,              0.0069593,              0.0069593,              0.0069593
                    217,                0.55738,                0.58283,                  1.069,                0.80778,                0.82158,                0.86858,                0.80391,                0.42912,                0.58155,                  0.929,              0.0069451,              0.0069451,              0.0069451
                    218,                0.55293,                0.58756,                 1.0639,                0.80826,                0.82063,                0.86858,                0.80381,                0.42891,                  0.581,                0.92901,               0.006931,               0.006931,               0.006931
                    219,                0.55616,                0.59367,                 1.0606,                  0.808,                0.82063,                0.86871,                0.80419,                0.42895,                0.58064,                  0.929,              0.0069169,              0.0069169,              0.0069169
                    220,                0.55097,                0.58736,                 1.0661,                0.80828,                0.82063,                0.86872,                 0.8041,                0.42893,                0.58049,                0.92886,              0.0069027,              0.0069027,              0.0069027
                    221,                0.56017,                0.58281,                 1.0655,                0.80865,                0.82063,                0.86886,                0.80397,                0.42873,                0.58064,                0.92865,              0.0068886,              0.0068886,              0.0068886
                    222,                 0.5586,                0.58044,                 1.0594,                0.80845,                0.82182,                0.86885,                0.80395,                 0.4289,                0.58063,                0.92858,              0.0068744,              0.0068744,              0.0068744
                    223,                0.55925,                0.58517,                 1.0692,                0.80954,                0.82182,                0.86933,                0.80439,                0.42891,                0.58032,                 0.9286,              0.0068603,              0.0068603,              0.0068603
                    224,                0.54646,                0.56449,                 1.0634,                0.81007,                0.81727,                0.86939,                0.80428,                0.42888,                0.58028,                0.92864,              0.0068461,              0.0068461,              0.0068461
                    225,                0.54794,                0.57084,                 1.0623,                 0.8105,                0.81589,                0.86992,                0.80519,                 0.4287,                0.58041,                 0.9285,               0.006832,               0.006832,               0.006832
                    226,                0.55434,                0.58682,                 1.0633,                0.81262,                0.81221,                0.86923,                 0.8045,                0.42893,                0.58014,                0.92846,              0.0068179,              0.0068179,              0.0068179
                    227,                0.55402,                0.57755,                 1.0647,                0.81249,                 0.8126,                0.86879,                0.80409,                0.42878,                 0.5802,                0.92837,              0.0068037,              0.0068037,              0.0068037
                    228,                0.55145,                0.57731,                 1.0627,                0.81148,                0.81644,                0.86802,                0.80338,                0.42872,                0.58025,                0.92829,              0.0067896,              0.0067896,              0.0067896
                    229,                 0.5558,                0.57006,                 1.0595,                 0.8114,                0.81838,                0.86781,                0.80318,                0.42879,                0.58057,                0.92816,              0.0067754,              0.0067754,              0.0067754
                    230,                0.55667,                0.56981,                 1.0697,                 0.8115,                0.82003,                0.86742,                0.80313,                0.42884,                0.58053,                0.92823,              0.0067613,              0.0067613,              0.0067613
                    231,                0.54971,                0.57574,                  1.059,                0.81055,                0.82058,                0.86745,                0.80324,                0.42903,                0.58094,                0.92826,              0.0067471,              0.0067471,              0.0067471
                    232,                0.54935,                0.57303,                 1.0663,                0.81063,                0.82021,                0.86662,                0.80272,                0.42896,                 0.5816,                0.92818,               0.006733,               0.006733,               0.006733
                    233,                0.55391,                0.56968,                 1.0667,                0.81053,                0.81864,                0.86685,                0.80279,                0.42915,                0.58181,                0.92831,              0.0067189,              0.0067189,              0.0067189
                    234,                 0.5489,                0.56696,                 1.0656,                0.80943,                0.82227,                0.86699,                0.80279,                0.42917,                0.58224,                0.92836,              0.0067047,              0.0067047,              0.0067047
                    235,                0.55311,                0.57365,                 1.0582,                0.80945,                0.82236,                 0.8674,                0.80369,                0.42908,                0.58216,                0.92834,              0.0066906,              0.0066906,              0.0066906
                    236,                0.55079,                0.57073,                 1.0622,                0.80943,                0.82236,                0.86718,                0.80316,                0.42924,                0.58259,                0.92837,              0.0066764,              0.0066764,              0.0066764
                    237,                 0.5546,                 0.5731,                 1.0648,                0.80996,                0.82222,                 0.8673,                 0.8036,                0.42918,                0.58279,                0.92836,              0.0066623,              0.0066623,              0.0066623
                    238,                0.54532,                0.56791,                 1.0577,                0.80961,                0.82193,                0.86822,                0.80386,                0.42924,                0.58293,                 0.9285,              0.0066481,              0.0066481,              0.0066481
                    239,                0.55149,                0.57465,                 1.0569,                0.80976,                0.82006,                0.86851,                 0.8039,                 0.4291,                0.58261,                 0.9285,               0.006634,               0.006634,               0.006634
                    240,                0.54086,                0.55249,                 1.0539,                0.80989,                0.82046,                0.86846,                0.80391,                0.42893,                0.58289,                0.92851,              0.0066199,              0.0066199,              0.0066199
                    241,                0.54639,                0.55242,                 1.0603,                0.81011,                0.81966,                0.86838,                0.80428,                0.42897,                0.58332,                0.92851,              0.0066057,              0.0066057,              0.0066057
                    242,                0.54977,                 0.5688,                 1.0628,                0.81076,                0.81961,                0.86891,                0.80485,                0.42885,                0.58322,                0.92857,              0.0065916,              0.0065916,              0.0065916
                    243,                0.54885,                0.56202,                  1.062,                0.81081,                 0.8191,                 0.8688,                0.80484,                0.42885,                0.58364,                0.92857,              0.0065774,              0.0065774,              0.0065774
                    244,                0.54994,                0.56042,                 1.0602,                0.81114,                0.81909,                0.86815,                0.80388,                0.42883,                0.58398,                0.92847,              0.0065633,              0.0065633,              0.0065633
                    245,                0.54196,                0.56489,                 1.0586,                0.81169,                0.81968,                0.86845,                0.80446,                0.42888,                 0.5845,                0.92833,              0.0065491,              0.0065491,              0.0065491
                    246,                0.54462,                0.55384,                 1.0567,                0.81155,                0.81972,                0.86821,                0.80417,                0.42861,                0.58454,                0.92831,               0.006535,               0.006535,               0.006535
                    247,                0.54348,                0.55803,                 1.0578,                 0.8113,                0.81955,                0.86795,                0.80397,                0.42861,                0.58472,                0.92817,              0.0065209,              0.0065209,              0.0065209
                    248,                 0.5504,                0.56587,                 1.0559,                0.81168,                0.81955,                0.86837,                0.80424,                0.42852,                0.58415,                0.92818,              0.0065067,              0.0065067,              0.0065067
                    249,                0.54208,                0.55793,                 1.0595,                0.81182,                0.81896,                0.86857,                0.80418,                0.42836,                0.58457,                0.92819,              0.0064926,              0.0064926,              0.0064926
                    250,                0.54971,                0.55156,                  1.057,                0.81237,                0.81852,                 0.8689,                0.80505,                0.42848,                 0.5839,                0.92816,              0.0064784,              0.0064784,              0.0064784
                    251,                0.55089,                0.55809,                 1.0596,                0.81269,                0.81874,                0.86919,                0.80544,                0.42841,                0.58399,                0.92812,              0.0064643,              0.0064643,              0.0064643
                    252,                0.54655,                0.55104,                 1.0592,                0.81221,                0.81825,                0.86951,                0.80564,                0.42832,                0.58355,                0.92802,              0.0064501,              0.0064501,              0.0064501
                    253,                0.54209,                0.54733,                  1.055,                0.81224,                0.81879,                0.86932,                0.80511,                0.42838,                0.58331,                0.92813,               0.006436,               0.006436,               0.006436
                    254,                0.54883,                0.55592,                 1.0581,                0.81192,                0.81814,                0.86972,                0.80561,                0.42837,                0.58319,                0.92805,              0.0064219,              0.0064219,              0.0064219
                    255,                0.53822,                0.55639,                 1.0542,                0.80976,                0.81971,                0.86976,                 0.8053,                0.42831,                0.58327,                0.92811,              0.0064077,              0.0064077,              0.0064077
                    256,                0.54343,                0.55081,                 1.0519,                 0.8106,                0.81879,                0.86987,                0.80568,                0.42843,                 0.5831,                0.92814,              0.0063936,              0.0063936,              0.0063936
                    257,                0.53925,                0.54353,                 1.0561,                0.81134,                0.81868,                   0.87,                0.80593,                0.42834,                0.58325,                0.92806,              0.0063794,              0.0063794,              0.0063794
                    258,                0.54276,                0.55085,                 1.0562,                0.81127,                0.81855,                0.86983,                0.80537,                0.42827,                 0.5832,                0.92792,              0.0063653,              0.0063653,              0.0063653
                    259,                0.54399,                0.55512,                 1.0552,                0.81128,                0.82034,                0.86967,                0.80519,                0.42834,                0.58315,                0.92792,              0.0063511,              0.0063511,              0.0063511
                    260,                0.54408,                0.55818,                  1.057,                0.81183,                0.82001,                0.86954,                0.80477,                0.42815,                0.58297,                0.92779,               0.006337,               0.006337,               0.006337
                    261,                0.53816,                0.54513,                 1.0501,                0.81256,                0.81994,                 0.8697,                0.80533,                0.42814,                0.58267,                 0.9277,              0.0063229,              0.0063229,              0.0063229
                    262,                  0.539,                0.54071,                 1.0508,                0.81252,                0.82008,                0.86959,                0.80516,                0.42814,                0.58303,                0.92771,              0.0063087,              0.0063087,              0.0063087
                    263,                0.53419,                0.53714,                 1.0508,                0.81232,                0.82002,                0.86926,                0.80505,                0.42824,                0.58345,                0.92766,              0.0062946,              0.0062946,              0.0062946
                    264,                0.54578,                0.55892,                 1.0575,                 0.8119,                0.82014,                0.86918,                0.80505,                0.42811,                0.58338,                0.92756,              0.0062804,              0.0062804,              0.0062804
                    265,                0.54558,                0.54888,                 1.0562,                0.81087,                0.81939,                 0.8693,                0.80549,                0.42802,                0.58351,                 0.9275,              0.0062663,              0.0062663,              0.0062663
                    266,                0.54856,                0.54859,                 1.0585,                0.81087,                0.82023,                0.86993,                0.80638,                0.42796,                0.58329,                0.92741,              0.0062521,              0.0062521,              0.0062521
                    267,                0.54009,                0.53744,                 1.0509,                0.81126,                0.82009,                0.86982,                0.80657,                0.42783,                  0.583,                0.92737,               0.006238,               0.006238,               0.006238
                    268,                0.54397,                0.54016,                 1.0563,                 0.8118,                 0.8203,                0.86967,                0.80627,                0.42765,                0.58302,                0.92736,              0.0062239,              0.0062239,              0.0062239
                    269,                0.54393,                0.53458,                 1.0543,                0.81173,                0.81933,                 0.8695,                0.80576,                0.42771,                 0.5836,                0.92733,              0.0062097,              0.0062097,              0.0062097
                    270,                0.53761,                0.53379,                 1.0475,                0.81156,                0.81876,                0.86922,                0.80588,                0.42791,                0.58336,                0.92734,              0.0061956,              0.0061956,              0.0061956
                    271,                0.52951,                  0.538,                 1.0505,                0.81252,                0.81877,                 0.8697,                0.80591,                0.42768,                0.58387,                0.92727,              0.0061814,              0.0061814,              0.0061814
                    272,                0.53776,                0.53475,                  1.052,                0.81241,                0.82008,                0.86996,                0.80598,                0.42754,                 0.5843,                 0.9273,              0.0061673,              0.0061673,              0.0061673
                    273,                0.53519,                0.54033,                 1.0433,                0.81159,                0.82084,                0.87015,                0.80638,                0.42743,                0.58426,                0.92723,              0.0061531,              0.0061531,              0.0061531
                    274,                0.53702,                0.54769,                 1.0528,                0.81358,                 0.8142,                0.87038,                0.80714,                0.42741,                0.58387,                0.92721,               0.006139,               0.006139,               0.006139
                    275,                0.53895,                0.53337,                 1.0536,                0.81423,                0.81405,                0.87039,                0.80704,                 0.4274,                0.58393,                0.92725,              0.0061249,              0.0061249,              0.0061249
                    276,                0.53661,                0.53834,                 1.0481,                 0.8134,                 0.8163,                0.87043,                0.80726,                0.42761,                0.58447,                0.92727,              0.0061107,              0.0061107,              0.0061107
                    277,                0.53774,                0.53666,                 1.0474,                 0.8172,                0.81389,                0.87049,                0.80729,                0.42764,                0.58438,                0.92727,              0.0060966,              0.0060966,              0.0060966
                    278,                0.54055,                0.53497,                 1.0505,                0.81225,                0.81973,                0.86985,                0.80647,                0.42771,                0.58468,                0.92731,              0.0060824,              0.0060824,              0.0060824
                    279,                0.53736,                0.53772,                 1.0498,                0.81283,                0.81801,                0.86994,                0.80652,                 0.4277,                 0.5847,                0.92724,              0.0060683,              0.0060683,              0.0060683
                    280,                 0.5306,                0.53124,                  1.046,                0.81351,                0.81719,                0.87017,                0.80756,                0.42733,                 0.5851,                0.92722,              0.0060541,              0.0060541,              0.0060541
                    281,                0.53616,                 0.5226,                 1.0497,                0.80542,                0.82198,                0.86981,                0.80699,                 0.4274,                0.58518,                 0.9271,                0.00604,                0.00604,                0.00604
                    282,                 0.5379,                0.54172,                 1.0498,                0.80702,                0.82179,                0.86976,                0.80638,                0.42746,                 0.5846,                0.92693,              0.0060259,              0.0060259,              0.0060259
                    283,                 0.5306,                0.52538,                 1.0479,                0.80533,                0.82145,                0.86982,                0.80658,                0.42749,                0.58448,                  0.927,              0.0060117,              0.0060117,              0.0060117
                    284,                0.53386,                0.52784,                   1.05,                0.80465,                0.82135,                0.87018,                0.80713,                0.42749,                0.58474,                 0.9269,              0.0059976,              0.0059976,              0.0059976
                    285,                0.53468,                0.52837,                 1.0402,                0.80571,                0.82192,                0.87011,                0.80683,                0.42738,                0.58433,                0.92687,              0.0059834,              0.0059834,              0.0059834
                    286,                0.53705,                0.53069,                 1.0472,                0.80738,                0.82138,                   0.87,                0.80634,                0.42738,                0.58344,                0.92681,              0.0059693,              0.0059693,              0.0059693
                    287,                0.53387,                0.53417,                 1.0461,                 0.8091,                0.82253,                0.86921,                0.80594,                0.42737,                0.58428,                0.92678,              0.0059551,              0.0059551,              0.0059551
                    288,                0.53023,                0.52038,                 1.0464,                0.80893,                0.82314,                0.86916,                0.80549,                0.42733,                0.58491,                0.92679,               0.005941,               0.005941,               0.005941
                    289,                0.53916,                0.51662,                 1.0517,                0.80812,                0.82351,                0.86915,                0.80496,                0.42718,                0.58532,                0.92674,              0.0059269,              0.0059269,              0.0059269
                    290,                0.53004,                 0.5194,                 1.0428,                0.80679,                0.82616,                0.86981,                0.80613,                 0.4271,                 0.5858,                0.92674,              0.0059127,              0.0059127,              0.0059127
                    291,                0.52751,                0.51823,                 1.0456,                0.80676,                0.82746,                0.86972,                0.80556,                0.42684,                0.58579,                0.92675,              0.0058986,              0.0058986,              0.0058986
                    292,                0.52737,                0.52282,                 1.0414,                0.80611,                0.82782,                0.87052,                0.80631,                0.42685,                0.58555,                 0.9267,              0.0058844,              0.0058844,              0.0058844
                    293,                  0.532,                 0.5124,                 1.0444,                0.80545,                0.82842,                0.87039,                0.80599,                0.42678,                0.58456,                0.92655,              0.0058703,              0.0058703,              0.0058703
                    294,                0.53482,                0.51613,                 1.0433,                0.80255,                 0.8301,                0.87039,                0.80668,                0.42688,                 0.5849,                0.92652,              0.0058561,              0.0058561,              0.0058561
                    295,                0.53404,                0.52412,                 1.0474,                0.80192,                0.83063,                0.87069,                0.80695,                0.42683,                0.58477,                0.92644,               0.005842,               0.005842,               0.005842
                    296,                0.52915,                0.51682,                 1.0386,                0.80182,                0.83021,                0.87075,                 0.8071,                0.42674,                0.58474,                0.92637,              0.0058279,              0.0058279,              0.0058279
                    297,                 0.5287,                0.51868,                 1.0425,                0.80141,                0.82976,                 0.8707,                0.80725,                0.42664,                0.58411,                0.92634,              0.0058137,              0.0058137,              0.0058137
                    298,                0.52785,                0.51079,                 1.0374,                0.80197,                0.82911,                0.87017,                0.80657,                0.42665,                0.58424,                0.92626,              0.0057996,              0.0057996,              0.0057996
                    299,                0.53369,                0.51932,                  1.046,                0.80253,                0.82889,                0.87014,                0.80639,                0.42648,                0.58419,                 0.9262,              0.0057854,              0.0057854,              0.0057854
                    300,                0.52571,                0.51474,                   1.04,                0.80228,                0.82889,                0.87037,                0.80633,                0.42653,                0.58415,                0.92616,              0.0057713,              0.0057713,              0.0057713
                    301,                0.52547,                0.51302,                 1.0399,                0.80055,                0.83284,                0.86998,                0.80686,                 0.4263,                0.58432,                0.92612,              0.0057571,              0.0057571,              0.0057571
                    302,                0.52674,                0.51478,                 1.0449,                0.80015,                0.83317,                0.86996,                0.80632,                0.42646,                0.58414,                0.92614,               0.005743,               0.005743,               0.005743
                    303,                0.52463,                0.51412,                  1.039,                0.80172,                0.83121,                0.87025,                0.80578,                0.42625,                0.58406,                0.92596,              0.0057289,              0.0057289,              0.0057289
                    304,                0.52962,                0.51968,                  1.046,                0.80164,                0.83122,                0.87026,                0.80658,                0.42626,                0.58416,                0.92591,              0.0057147,              0.0057147,              0.0057147
                    305,                0.52258,                0.50786,                  1.037,                0.80167,                0.82917,                0.87037,                0.80651,                0.42621,                0.58387,                0.92596,              0.0057006,              0.0057006,              0.0057006
                    306,                0.52641,                0.50801,                 1.0446,                0.80271,                0.82804,                0.87035,                0.80641,                0.42599,                0.58437,                0.92579,              0.0056864,              0.0056864,              0.0056864
                    307,                0.52698,                0.50707,                 1.0406,                0.80275,                0.82837,                0.86995,                0.80645,                0.42615,                0.58482,                0.92573,              0.0056723,              0.0056723,              0.0056723
                    308,                0.52719,                 0.4998,                 1.0396,                0.80237,                0.83084,                 0.8703,                0.80605,                 0.4262,                0.58542,                0.92579,              0.0056581,              0.0056581,              0.0056581
                    309,                0.52153,                0.50483,                 1.0404,                0.80129,                0.83109,                0.87043,                0.80702,                0.42622,                0.58523,                0.92571,               0.005644,               0.005644,               0.005644
                    310,                0.52362,                0.49768,                 1.0371,                0.80087,                0.83195,                0.87024,                0.80693,                0.42614,                0.58442,                 0.9256,              0.0056299,              0.0056299,              0.0056299
                    311,                0.52253,                0.51281,                 1.0469,                0.80117,                0.83248,                 0.8708,                0.80712,                0.42616,                0.58444,                0.92565,              0.0056157,              0.0056157,              0.0056157
                    312,                0.52439,                0.50822,                 1.0414,                0.80107,                0.83165,                0.87074,                 0.8082,                0.42619,                0.58442,                0.92551,              0.0056016,              0.0056016,              0.0056016
                    313,                 0.5213,                0.50125,                 1.0389,                0.80124,                0.83171,                0.87057,                0.80662,                0.42637,                0.58468,                0.92548,              0.0055874,              0.0055874,              0.0055874
                    314,                0.52684,                0.50666,                 1.0423,                0.80075,                0.82997,                0.87028,                0.80757,                 0.4263,                0.58549,                0.92545,              0.0055733,              0.0055733,              0.0055733
                    315,                0.52684,                0.50799,                 1.0422,                 0.8013,                0.82973,                0.86998,                  0.807,                0.42641,                0.58566,                0.92539,              0.0055591,              0.0055591,              0.0055591
                    316,                0.52369,                0.51104,                 1.0403,                0.79991,                0.82942,                0.86978,                0.80607,                0.42623,                0.58586,                0.92529,               0.005545,               0.005545,               0.005545
                    317,                 0.5236,                0.50975,                 1.0386,                0.80044,                0.82809,                0.87002,                0.80633,                0.42632,                0.58638,                0.92534,              0.0055309,              0.0055309,              0.0055309
                    318,                0.52483,                0.50924,                 1.0383,                0.80262,                0.82445,                 0.8699,                0.80626,                0.42641,                0.58628,                0.92532,              0.0055167,              0.0055167,              0.0055167
                    319,                0.52439,                0.50611,                  1.037,                0.80286,                0.82641,                0.87008,                0.80661,                0.42637,                0.58612,                0.92537,              0.0055026,              0.0055026,              0.0055026
                    320,                0.52489,                0.50464,                 1.0407,                0.80063,                0.82905,                0.87025,                0.80679,                0.42633,                0.58632,                0.92542,              0.0054884,              0.0054884,              0.0054884
                    321,                0.52549,                0.49996,                 1.0397,                0.79978,                0.82986,                0.87036,                0.80705,                0.42614,                 0.5866,                0.92539,              0.0054743,              0.0054743,              0.0054743
                    322,                0.52525,                0.49582,                 1.0356,                0.79928,                0.82919,                0.87004,                0.80726,                0.42636,                0.58636,                0.92531,              0.0054601,              0.0054601,              0.0054601
                    323,                0.52178,                 0.4963,                 1.0379,                  0.799,                0.82815,                0.87028,                0.80719,                0.42636,                0.58549,                0.92537,               0.005446,               0.005446,               0.005446
                    324,                 0.5232,                0.49908,                 1.0358,                0.79861,                0.82802,                0.87051,                0.80749,                0.42644,                0.58524,                0.92534,              0.0054319,              0.0054319,              0.0054319
                    325,                0.51965,                0.49543,                 1.0379,                0.80291,                0.82315,                0.87023,                0.80737,                0.42636,                0.58528,                0.92527,              0.0054177,              0.0054177,              0.0054177
                    326,                 0.5196,                0.49244,                 1.0372,                0.81547,                0.81303,                0.87031,                0.80773,                0.42645,                0.58497,                0.92532,              0.0054036,              0.0054036,              0.0054036
                    327,                0.52712,                0.50058,                 1.0399,                0.81507,                0.81463,                0.86977,                0.80713,                0.42632,                0.58531,                0.92531,              0.0053894,              0.0053894,              0.0053894
                    328,                 0.5195,                0.49311,                 1.0392,                  0.814,                0.81763,                0.86993,                0.80705,                0.42636,                0.58563,                0.92528,              0.0053753,              0.0053753,              0.0053753
                    329,                0.52089,                0.48878,                 1.0352,                0.81289,                0.81801,                0.86966,                0.80686,                0.42652,                0.58583,                0.92534,              0.0053611,              0.0053611,              0.0053611
                    330,                0.52523,                0.49674,                 1.0425,                0.80814,                0.81969,                0.86992,                0.80751,                0.42648,                0.58571,                0.92532,               0.005347,               0.005347,               0.005347
                    331,                0.51711,                0.48802,                 1.0327,                 0.8152,                 0.8131,                0.86963,                0.80748,                0.42629,                0.58556,                 0.9253,              0.0053329,              0.0053329,              0.0053329
                    332,                0.52932,                 0.4921,                 1.0415,                0.81402,                0.81609,                 0.8696,                0.80742,                0.42641,                0.58556,                0.92538,              0.0053187,              0.0053187,              0.0053187
                    333,                0.52527,                0.48728,                 1.0425,                 0.8112,                0.81893,                0.86966,                0.80681,                0.42655,                0.58519,                0.92544,              0.0053046,              0.0053046,              0.0053046
                    334,                 0.5168,                0.48963,                 1.0326,                 0.8167,                0.81074,                0.86971,                 0.8071,                0.42643,                0.58534,                0.92529,              0.0052904,              0.0052904,              0.0052904
                    335,                0.52005,                0.48972,                  1.037,                0.81594,                0.81197,                0.86909,                0.80685,                 0.4265,                0.58523,                0.92525,              0.0052763,              0.0052763,              0.0052763
                    336,                0.51682,                0.48784,                 1.0316,                0.81723,                0.81305,                0.86907,                 0.8069,                0.42637,                0.58546,                0.92517,              0.0052621,              0.0052621,              0.0052621
                    337,                0.50918,                 0.4793,                 1.0308,                0.80999,                0.81801,                0.86899,                0.80691,                0.42637,                0.58472,                0.92522,               0.005248,               0.005248,               0.005248
                    338,                0.51717,                0.48616,                 1.0351,                 0.8103,                0.81863,                0.86894,                0.80728,                0.42623,                0.58489,                 0.9251,              0.0052339,              0.0052339,              0.0052339
                    339,                0.51598,                0.48112,                 1.0348,                 0.8105,                0.81861,                0.86899,                0.80714,                0.42618,                0.58451,                0.92504,              0.0052197,              0.0052197,              0.0052197
                    340,                0.52059,                0.48911,                 1.0357,                0.81033,                0.81769,                0.86846,                0.80687,                0.42619,                0.58464,                0.92502,              0.0052056,              0.0052056,              0.0052056
                    341,                0.51055,                0.48681,                 1.0311,                0.81085,                0.81736,                0.86833,                0.80635,                0.42629,                0.58547,                0.92495,              0.0051914,              0.0051914,              0.0051914
                    342,                0.50904,                0.48145,                 1.0321,                0.81103,                 0.8183,                0.86885,                0.80719,                0.42614,                0.58503,                0.92492,              0.0051773,              0.0051773,              0.0051773
                    343,                0.51935,                0.48976,                 1.0379,                0.80943,                 0.8189,                0.86896,                0.80738,                0.42603,                 0.5851,                0.92485,              0.0051631,              0.0051631,              0.0051631
                    344,                0.51859,                0.48792,                 1.0386,                0.80779,                0.81942,                0.86885,                0.80719,                0.42603,                0.58554,                0.92479,               0.005149,               0.005149,               0.005149
                    345,                0.51787,                0.48502,                 1.0346,                0.80888,                0.81774,                0.86862,                0.80673,                0.42615,                0.58543,                0.92463,              0.0051349,              0.0051349,              0.0051349
                    346,                 0.5185,                0.48231,                 1.0335,                0.80914,                0.81782,                0.86833,                0.80665,                0.42608,                0.58574,                0.92452,              0.0051207,              0.0051207,              0.0051207
                    347,                0.51518,                0.48017,                 1.0325,                0.80939,                0.81712,                0.86835,                0.80702,                0.42594,                0.58577,                0.92434,              0.0051066,              0.0051066,              0.0051066
                    348,                0.51588,                0.47767,                 1.0378,                0.81159,                0.81765,                0.86837,                 0.8072,                0.42594,                0.58532,                0.92434,              0.0050924,              0.0050924,              0.0050924
                    349,                0.51254,                0.47518,                 1.0349,                0.81066,                0.81781,                0.86885,                0.80736,                0.42603,                0.58592,                0.92432,              0.0050783,              0.0050783,              0.0050783
                    350,                0.50739,                0.47665,                  1.032,                0.81056,                0.81851,                0.86893,                 0.8081,                0.42587,                0.58531,                0.92426,              0.0050641,              0.0050641,              0.0050641
                    351,                0.51683,                0.48278,                 1.0333,                0.80922,                0.82104,                0.86893,                0.80786,                0.42598,                 0.5849,                0.92428,                0.00505,                0.00505,                0.00505
                    352,                0.51592,                0.48168,                  1.038,                0.80972,                0.82054,                0.86892,                0.80757,                0.42597,                0.58412,                 0.9242,              0.0050359,              0.0050359,              0.0050359
                    353,                0.50971,                0.47938,                 1.0317,                0.81064,                0.82082,                0.86901,                0.80752,                0.42584,                0.58348,                0.92422,              0.0050217,              0.0050217,              0.0050217
                    354,                 0.5133,                0.47645,                 1.0339,                0.80912,                0.82131,                0.86919,                0.80736,                0.42587,                0.58313,                0.92426,              0.0050076,              0.0050076,              0.0050076
                    355,                0.51236,                0.47666,                 1.0333,                0.80949,                0.81952,                0.86904,                0.80743,                0.42611,                0.58311,                0.92429,              0.0049934,              0.0049934,              0.0049934
                    356,                0.51488,                0.47591,                 1.0302,                0.80538,                0.82174,                0.86921,                0.80779,                0.42594,                0.58252,                0.92433,              0.0049793,              0.0049793,              0.0049793
                    357,                0.50903,                0.47126,                 1.0301,                0.80461,                0.82201,                0.86878,                0.80715,                0.42573,                0.58233,                0.92442,              0.0049651,              0.0049651,              0.0049651
                    358,                0.51308,                0.47508,                 1.0284,                 0.8029,                0.82401,                0.86893,                0.80722,                0.42571,                0.58262,                0.92441,               0.004951,               0.004951,               0.004951
                    359,                0.50975,                0.47105,                 1.0288,                 0.8027,                0.82726,                 0.8685,                0.80682,                0.42555,                0.58316,                0.92444,              0.0049369,              0.0049369,              0.0049369
                    360,                0.50774,                0.46252,                 1.0222,                0.80197,                0.82726,                0.86815,                0.80644,                0.42545,                0.58278,                 0.9244,              0.0049227,              0.0049227,              0.0049227
                    361,                0.50618,                0.46173,                 1.0298,                0.80118,                0.82683,                0.86798,                0.80645,                0.42549,                0.58265,                0.92446,              0.0049086,              0.0049086,              0.0049086
                    362,                0.51121,                0.47996,                 1.0295,                0.80095,                0.82683,                0.86847,                0.80798,                0.42564,                0.58265,                0.92437,              0.0048944,              0.0048944,              0.0048944
                    363,                0.50181,                0.46586,                 1.0184,                0.80297,                0.82483,                 0.8688,                0.80834,                0.42536,                0.58259,                0.92429,              0.0048803,              0.0048803,              0.0048803
                    364,                0.50505,                0.46803,                 1.0247,                 0.8013,                0.82647,                0.86876,                0.80769,                0.42538,                 0.5819,                0.92422,              0.0048661,              0.0048661,              0.0048661
                    365,                0.50094,                0.46679,                 1.0274,                0.80133,                0.82602,                0.86859,                0.80855,                 0.4253,                0.58235,                 0.9242,               0.004852,               0.004852,               0.004852
                    366,                0.50969,                0.47298,                 1.0309,                0.80216,                0.82562,                0.86857,                0.80843,                0.42514,                0.58213,                 0.9242,              0.0048379,              0.0048379,              0.0048379
                    367,                 0.5086,                0.46294,                 1.0296,                0.80303,                0.82547,                0.86851,                0.80868,                0.42531,                0.58232,                0.92422,              0.0048237,              0.0048237,              0.0048237
                    368,                0.50426,                0.46698,                 1.0255,                0.80434,                0.82562,                0.86861,                0.80887,                0.42518,                 0.5824,                0.92427,              0.0048096,              0.0048096,              0.0048096
                    369,                0.50417,                0.46339,                 1.0289,                0.80365,                0.82585,                0.86861,                0.80857,                0.42531,                0.58268,                0.92428,              0.0047954,              0.0047954,              0.0047954
                    370,                0.50757,                0.46944,                 1.0294,                0.80376,                0.82614,                0.86855,                0.80833,                0.42527,                 0.5828,                0.92436,              0.0047813,              0.0047813,              0.0047813
                    371,                0.50669,                0.46108,                 1.0289,                0.80304,                0.82704,                0.86838,                0.80814,                0.42513,                 0.5835,                0.92434,              0.0047671,              0.0047671,              0.0047671
                    372,                0.50326,                0.46921,                 1.0307,                0.80337,                0.82704,                0.86808,                0.80749,                 0.4252,                0.58383,                0.92436,               0.004753,               0.004753,               0.004753
                    373,                0.50958,                0.46853,                 1.0229,                0.80313,                0.82704,                0.86833,                 0.8078,                0.42532,                0.58368,                0.92441,              0.0047389,              0.0047389,              0.0047389
                    374,                0.50038,                0.47079,                 1.0247,                 0.8017,                0.82715,                0.86832,                0.80817,                0.42535,                0.58352,                0.92443,              0.0047247,              0.0047247,              0.0047247
                    375,                0.50659,                0.46575,                 1.0257,                0.80123,                0.82659,                0.86793,                0.80795,                0.42529,                0.58355,                0.92449,              0.0047106,              0.0047106,              0.0047106
                    376,                0.49745,                 0.4663,                 1.0275,                0.80128,                0.82551,                0.86744,                0.80723,                0.42528,                0.58339,                0.92456,              0.0046964,              0.0046964,              0.0046964
                    377,                0.50317,                0.45998,                 1.0248,                0.80062,                0.82574,                0.86773,                0.80774,                0.42538,                0.58389,                0.92455,              0.0046823,              0.0046823,              0.0046823
                    378,                0.49833,                0.46403,                 1.0272,                0.80063,                0.82677,                0.86768,                 0.8079,                0.42511,                0.58371,                 0.9245,              0.0046681,              0.0046681,              0.0046681
                    379,                0.50315,                0.45284,                 1.0219,                0.80111,                0.82639,                 0.8674,                0.80746,                0.42538,                0.58301,                 0.9246,               0.004654,               0.004654,               0.004654
                    380,                0.50436,                0.45672,                 1.0209,                0.79957,                0.82659,                0.86747,                0.80775,                0.42534,                0.58274,                0.92463,              0.0046399,              0.0046399,              0.0046399
                    381,                 0.5068,                0.46036,                 1.0288,                0.79977,                0.82762,                0.86742,                0.80751,                0.42517,                0.58326,                 0.9246,              0.0046257,              0.0046257,              0.0046257
                    382,                0.51239,                0.46055,                 1.0287,                0.80032,                0.82724,                0.86685,                0.80751,                 0.4253,                0.58337,                0.92467,              0.0046116,              0.0046116,              0.0046116
                    383,                0.50925,                0.46378,                 1.0309,                0.79953,                0.82678,                0.86708,                0.80777,                 0.4253,                0.58321,                 0.9247,              0.0045974,              0.0045974,              0.0045974
                    384,                0.50237,                0.45851,                 1.0263,                0.79913,                0.82693,                0.86774,                0.80895,                0.42528,                0.58293,                0.92465,              0.0045833,              0.0045833,              0.0045833
                    385,                0.50243,                0.45961,                 1.0261,                 0.7998,                0.82798,                0.86761,                0.80856,                0.42525,                 0.5828,                0.92463,              0.0045691,              0.0045691,              0.0045691
                    386,                0.50075,                0.45742,                 1.0241,                0.80209,                0.82672,                0.86763,                0.80883,                 0.4252,                0.58317,                0.92459,               0.004555,               0.004555,               0.004555
                    387,                0.50206,                0.45759,                 1.0207,                0.79948,                0.82971,                0.86756,                0.80923,                0.42505,                0.58315,                0.92447,              0.0045409,              0.0045409,              0.0045409
                    388,                0.49894,                0.44974,                 1.0218,                 0.8022,                0.82457,                0.86744,                0.80861,                0.42523,                0.58285,                0.92463,              0.0045267,              0.0045267,              0.0045267
                    389,                0.50767,                0.45447,                 1.0262,                0.80177,                0.82334,                0.86694,                0.80867,                0.42536,                0.58255,                0.92469,              0.0045126,              0.0045126,              0.0045126
                    390,                0.49715,                0.45245,                 1.0229,                0.80081,                0.82188,                0.86683,                0.80792,                0.42525,                0.58252,                0.92466,              0.0044984,              0.0044984,              0.0044984
                    391,                0.50019,                0.45209,                 1.0266,                0.80017,                0.82218,                0.86711,                0.80838,                0.42523,                0.58246,                0.92457,              0.0044843,              0.0044843,              0.0044843
                    392,                0.50001,                 0.4501,                 1.0245,                 0.7961,                0.82761,                0.86701,                0.80842,                0.42534,                0.58344,                0.92463,              0.0044701,              0.0044701,              0.0044701
                    393,                0.49205,                0.44325,                 1.0191,                0.79263,                0.83144,                0.86731,                0.80833,                0.42521,                0.58298,                0.92464,               0.004456,               0.004456,               0.004456
                    394,                0.49675,                0.44634,                 1.0198,                0.79209,                 0.8323,                0.86757,                0.80839,                0.42517,                0.58324,                0.92467,              0.0044419,              0.0044419,              0.0044419
                    395,                 0.5053,                 0.4611,                 1.0257,                0.79094,                0.83249,                0.86796,                0.80894,                 0.4252,                0.58277,                0.92469,              0.0044277,              0.0044277,              0.0044277
                    396,                0.50014,                0.45141,                 1.0181,                0.79156,                0.83229,                0.86796,                0.80818,                0.42518,                0.58206,                0.92467,              0.0044136,              0.0044136,              0.0044136
                    397,                0.49652,                0.44694,                 1.0236,                0.78826,                0.83582,                0.86787,                0.80877,                0.42529,                 0.5819,                0.92448,              0.0043994,              0.0043994,              0.0043994
                    398,                0.49428,                0.45224,                 1.0223,                0.78783,                0.83602,                0.86766,                0.80819,                0.42516,                 0.5822,                0.92443,              0.0043853,              0.0043853,              0.0043853
                    399,                0.50063,                0.44665,                 1.0265,                 0.7877,                0.83674,                0.86774,                0.80802,                0.42513,                  0.582,                0.92441,              0.0043711,              0.0043711,              0.0043711
                    400,                0.50102,                0.45012,                 1.0226,                0.77793,                0.84956,                0.86764,                0.80823,                0.42505,                0.58253,                 0.9243,               0.004357,               0.004357,               0.004357
                    401,                0.50157,                0.44248,                 1.0239,                0.77874,                0.84894,                 0.8679,                0.80826,                0.42495,                0.58205,                0.92422,              0.0043429,              0.0043429,              0.0043429
                    402,                0.50222,                0.44651,                 1.0227,                0.77858,                0.84936,                0.86817,                0.80841,                0.42498,                0.58307,                0.92415,              0.0043287,              0.0043287,              0.0043287
                    403,                0.49197,                0.44235,                 1.0172,                0.77931,                0.85062,                0.86788,                0.80859,                0.42504,                0.58312,                0.92411,              0.0043146,              0.0043146,              0.0043146
                    404,                0.49656,                0.44682,                 1.0162,                0.81409,                0.81131,                 0.8678,                0.80824,                0.42486,                0.58301,                0.92405,              0.0043004,              0.0043004,              0.0043004
                    405,                0.49954,                0.45007,                 1.0224,                0.77819,                0.85023,                0.86756,                0.80809,                0.42489,                0.58306,                0.92406,              0.0042863,              0.0042863,              0.0042863
                    406,                0.49431,                 0.4371,                 1.0182,                0.81494,                0.80875,                0.86762,                0.80813,                0.42491,                0.58291,                0.92406,              0.0042721,              0.0042721,              0.0042721
                    407,                0.49509,                0.44044,                 1.0244,                0.77842,                0.85102,                0.86776,                0.80888,                0.42477,                0.58286,                0.92401,               0.004258,               0.004258,               0.004258
                    408,                0.49307,                0.43585,                 1.0183,                0.77874,                0.84884,                0.86797,                0.80877,                0.42481,                0.58297,                0.92412,              0.0042439,              0.0042439,              0.0042439
                    409,                0.49626,                0.45345,                 1.0175,                0.77855,                0.84912,                0.86748,                 0.8077,                0.42481,                0.58306,                0.92413,              0.0042297,              0.0042297,              0.0042297
                    410,                0.49795,                0.43993,                 1.0194,                 0.8126,                0.80979,                0.86783,                0.80809,                0.42483,                0.58327,                 0.9241,              0.0042156,              0.0042156,              0.0042156
                    411,                0.49626,                0.45346,                 1.0252,                0.81168,                0.80955,                0.86815,                 0.8084,                 0.4248,                0.58326,                0.92412,              0.0042014,              0.0042014,              0.0042014
                    412,                0.49177,                 0.4449,                 1.0231,                0.81721,                0.80555,                0.86759,                0.80793,                0.42486,                0.58288,                0.92409,              0.0041873,              0.0041873,              0.0041873
                    413,                0.49604,                0.44381,                 1.0199,                0.81793,                0.80546,                0.86696,                0.80732,                0.42478,                0.58256,                0.92409,              0.0041731,              0.0041731,              0.0041731
                    414,                0.49257,                0.44055,                 1.0132,                0.81784,                0.80547,                0.86774,                0.80837,                0.42462,                0.58218,                 0.9241,               0.004159,               0.004159,               0.004159
                    415,                0.49213,                0.43176,                 1.0164,                0.81725,                0.80593,                0.86828,                0.80898,                0.42469,                 0.5826,                0.92397,              0.0041449,              0.0041449,              0.0041449
                    416,                0.48839,                0.43389,                 1.0153,                0.81573,                0.80613,                 0.8683,                 0.8091,                0.42502,                0.58307,                0.92394,              0.0041307,              0.0041307,              0.0041307
                    417,                0.48849,                0.43708,                 1.0177,                0.81747,                0.80481,                0.86824,                0.80909,                0.42486,                 0.5836,                0.92389,              0.0041166,              0.0041166,              0.0041166
                    418,                0.49118,                0.43586,                 1.0202,                0.81816,                0.80478,                0.86831,                0.80897,                 0.4249,                0.58465,                0.92382,              0.0041024,              0.0041024,              0.0041024
                    419,                0.49221,                0.42881,                 1.0213,                0.81673,                0.80481,                0.86797,                0.80852,                0.42484,                0.58465,                0.92378,              0.0040883,              0.0040883,              0.0040883
                    420,                0.49589,                0.44354,                 1.0181,                0.81735,                0.80302,                0.86806,                0.80897,                0.42482,                 0.5848,                0.92365,              0.0040741,              0.0040741,              0.0040741
                    421,                0.48932,                0.42843,                 1.0113,                0.81789,                0.80325,                0.86763,                0.80874,                0.42463,                 0.5844,                0.92351,                0.00406,                0.00406,                0.00406
                    422,                0.48367,                 0.4292,                 1.0201,                0.81763,                0.80227,                0.86799,                0.80908,                0.42469,                0.58419,                0.92349,              0.0040459,              0.0040459,              0.0040459
                    423,                0.48979,                0.43555,                 1.0114,                0.77943,                 0.8522,                0.86811,                0.80905,                0.42463,                0.58427,                0.92362,              0.0040317,              0.0040317,              0.0040317
                    424,                0.49113,                 0.4323,                 1.0153,                0.77927,                0.85698,                0.86828,                0.80936,                0.42462,                0.58376,                0.92365,              0.0040176,              0.0040176,              0.0040176
                    425,                0.48828,                0.43239,                 1.0168,                0.77993,                0.85339,                0.86798,                0.80869,                0.42456,                0.58387,                0.92351,              0.0040034,              0.0040034,              0.0040034
                    426,                0.48888,                 0.4332,                 1.0168,                0.77997,                0.85376,                0.86788,                0.80897,                0.42432,                0.58443,                0.92341,              0.0039893,              0.0039893,              0.0039893
                    427,                0.48373,                0.42287,                 1.0123,                0.77938,                0.85393,                0.86801,                0.80904,                0.42429,                0.58473,                0.92346,              0.0039751,              0.0039751,              0.0039751
                    428,                0.48489,                0.43379,                 1.0109,                0.77963,                0.85612,                0.86775,                0.80872,                0.42429,                0.58478,                0.92348,               0.003961,               0.003961,               0.003961
                    429,                0.48238,                0.43199,                 1.0122,                0.77893,                0.85525,                0.86778,                  0.809,                0.42427,                0.58499,                0.92354,              0.0039469,              0.0039469,              0.0039469
                    430,                0.48845,                0.43128,                 1.0124,                0.81267,                0.80997,                0.86696,                 0.8074,                 0.4243,                0.58513,                0.92349,              0.0039327,              0.0039327,              0.0039327
                    431,                0.48642,                0.42408,                 1.0117,                0.77599,                 0.8537,                0.86699,                0.80781,                0.42414,                0.58551,                0.92347,              0.0039186,              0.0039186,              0.0039186
                    432,                0.48269,                0.42677,                  1.012,                0.77564,                0.85819,                0.86676,                0.80761,                0.42413,                0.58612,                 0.9234,              0.0039044,              0.0039044,              0.0039044
                    433,                0.48345,                 0.4267,                 1.0108,                0.77524,                  0.858,                0.86681,                0.80771,                0.42411,                0.58576,                0.92339,              0.0038903,              0.0038903,              0.0038903
                    434,                0.48812,                0.42217,                 1.0119,                0.77557,                0.85451,                0.86679,                0.80773,                0.42395,                0.58579,                0.92332,              0.0038761,              0.0038761,              0.0038761
                    435,                0.49085,                0.43509,                 1.0184,                 0.7751,                0.85451,                0.86713,                0.80782,                0.42416,                0.58604,                0.92342,               0.003862,               0.003862,               0.003862
                    436,                0.48745,                0.42682,                 1.0153,                0.77912,                0.85213,                0.86749,                0.80775,                0.42409,                0.58619,                0.92337,              0.0038479,              0.0038479,              0.0038479
                    437,                0.48601,                0.42492,                 1.0175,                0.77892,                0.85213,                0.86722,                0.80727,                0.42418,                0.58637,                0.92334,              0.0038337,              0.0038337,              0.0038337
                    438,                0.48837,                 0.4322,                 1.0195,                 0.7789,                0.85316,                0.86722,                0.80747,                0.42418,                0.58689,                0.92334,              0.0038196,              0.0038196,              0.0038196
                    439,                0.48822,                0.42325,                 1.0155,                0.77414,                0.85921,                0.86753,                0.80788,                0.42403,                0.58723,                 0.9234,              0.0038054,              0.0038054,              0.0038054
                    440,                0.48275,                0.42286,                 1.0136,                0.77464,                0.85911,                 0.8676,                0.80774,                0.42394,                0.58734,                0.92334,              0.0037913,              0.0037913,              0.0037913
                    441,                0.48883,                0.41987,                 1.0145,                0.77536,                0.85732,                0.86794,                0.80808,                0.42406,                0.58692,                0.92329,              0.0037771,              0.0037771,              0.0037771
                    442,                0.48636,                0.42398,                 1.0136,                0.77554,                0.85792,                0.86816,                 0.8084,                 0.4239,                0.58708,                0.92322,               0.003763,               0.003763,               0.003763
                    443,                0.47778,                0.41724,                 1.0063,                0.77909,                0.84962,                0.86789,                0.80772,                0.42392,                0.58772,                0.92327,              0.0037489,              0.0037489,              0.0037489
                    444,                 0.4898,                0.42491,                 1.0142,                0.77861,                0.84975,                0.86816,                0.80795,                0.42391,                0.58827,                0.92332,              0.0037347,              0.0037347,              0.0037347
                    445,                0.48186,                 0.4183,                 1.0114,                0.77836,                0.85026,                0.86809,                0.80846,                0.42392,                0.58856,                0.92339,              0.0037206,              0.0037206,              0.0037206
                    446,                0.48043,                0.41553,                 1.0089,                0.77823,                 0.8508,                0.86831,                0.80823,                0.42424,                0.58955,                0.92361,              0.0037064,              0.0037064,              0.0037064
                    447,                0.48096,                0.41968,                 1.0103,                0.77785,                0.84988,                0.86817,                0.80846,                0.42418,                0.59037,                0.92353,              0.0036923,              0.0036923,              0.0036923
                    448,                0.47581,                0.40924,                 1.0081,                  0.778,                0.84852,                0.86752,                 0.8081,                0.42424,                0.59086,                 0.9235,              0.0036781,              0.0036781,              0.0036781
                    449,                 0.4856,                0.41633,                 1.0113,                0.77746,                 0.8497,                0.86761,                0.80836,                0.42434,                0.59118,                0.92343,               0.003664,               0.003664,               0.003664
                    450,                0.47482,                0.41306,                 1.0067,                0.77878,                0.84769,                0.86729,                 0.8081,                0.42436,                0.59126,                0.92351,              0.0036499,              0.0036499,              0.0036499
                    451,                0.47809,                0.41764,                 1.0078,                0.77873,                0.85133,                0.86728,                0.80796,                 0.4245,                0.59226,                0.92348,              0.0036357,              0.0036357,              0.0036357
                    452,                0.48862,                 0.4157,                 1.0156,                0.78371,                0.85033,                 0.8672,                0.80827,                0.42461,                0.59259,                0.92355,              0.0036216,              0.0036216,              0.0036216
                    453,                0.48243,                0.41764,                 1.0068,                0.78216,                0.85075,                0.86709,                0.80829,                0.42443,                0.59307,                0.92349,              0.0036074,              0.0036074,              0.0036074
                    454,                0.47942,                0.41513,                 1.0113,                0.78104,                0.85042,                0.86752,                0.80844,                0.42453,                0.59356,                0.92344,              0.0035933,              0.0035933,              0.0035933
                    455,                0.48625,                0.41298,                  1.012,                0.78479,                0.84774,                0.86734,                0.80812,                0.42473,                0.59348,                0.92345,              0.0035791,              0.0035791,              0.0035791
                    456,                0.48118,                 0.4076,                 1.0088,                 0.7838,                0.84803,                0.86699,                0.80834,                0.42466,                0.59348,                0.92344,               0.003565,               0.003565,               0.003565
                    457,                0.47884,                0.41161,                 1.0062,                0.78264,                0.84944,                0.86713,                0.80757,                0.42472,                0.59342,                0.92343,              0.0035509,              0.0035509,              0.0035509
                    458,                0.47207,                0.41023,                 1.0046,                0.78243,                0.84815,                0.86672,                 0.8075,                0.42478,                0.59352,                0.92341,              0.0035367,              0.0035367,              0.0035367
                    459,                0.47906,                 0.4082,                 1.0078,                0.78274,                0.84876,                0.86639,                0.80796,                0.42483,                0.59365,                0.92342,              0.0035226,              0.0035226,              0.0035226
                    460,                0.47707,                0.41099,                 1.0073,                0.78414,                0.84827,                0.86631,                0.80764,                0.42484,                0.59385,                0.92336,              0.0035084,              0.0035084,              0.0035084
                    461,                0.47844,                0.40467,                 1.0094,                0.78483,                0.84871,                0.86615,                0.80792,                0.42483,                0.59437,                0.92342,              0.0034943,              0.0034943,              0.0034943
                    462,                0.47431,                0.40917,                 1.0063,                0.78561,                0.84852,                0.86634,                0.80761,                0.42493,                0.59446,                0.92345,              0.0034801,              0.0034801,              0.0034801
                    463,                0.47503,                0.40788,                 1.0023,                0.78576,                0.84848,                0.86645,                0.80785,                0.42492,                0.59405,                0.92343,               0.003466,               0.003466,               0.003466
                    464,                0.47845,                0.41507,                 1.0075,                0.78384,                 0.8499,                0.86681,                0.80849,                0.42498,                0.59446,                0.92346,              0.0034519,              0.0034519,              0.0034519
                    465,                0.47804,                0.40563,                 1.0038,                0.78638,                0.84748,                0.86615,                0.80766,                0.42503,                0.59472,                0.92346,              0.0034377,              0.0034377,              0.0034377
                    466,                0.47665,                0.40935,                 1.0092,                0.78724,                0.84773,                0.86633,                0.80803,                0.42508,                0.59536,                0.92353,              0.0034236,              0.0034236,              0.0034236
                    467,                0.47409,                0.40709,                 1.0036,                0.78675,                0.84936,                0.86662,                0.80805,                 0.4251,                0.59564,                0.92363,              0.0034094,              0.0034094,              0.0034094
                    468,                0.47298,                0.40967,                 1.0065,                0.78423,                0.85118,                0.86731,                0.80873,                0.42524,                0.59625,                0.92365,              0.0033953,              0.0033953,              0.0033953
                    469,                0.47037,                0.40537,                 1.0035,                0.78545,                0.84959,                0.86707,                0.80816,                0.42529,                0.59601,                0.92374,              0.0033811,              0.0033811,              0.0033811
                    470,                0.47079,                0.40221,                 1.0051,                 0.7835,                0.85219,                0.86691,                 0.8081,                0.42538,                0.59631,                0.92367,               0.003367,               0.003367,               0.003367
                    471,                0.47107,                 0.4034,                 1.0026,                0.78429,                0.85218,                0.86702,                0.80841,                0.42539,                0.59695,                0.92377,              0.0033529,              0.0033529,              0.0033529
                    472,                0.47363,                0.40598,                 1.0061,                0.78335,                0.85278,                0.86705,                0.80842,                0.42546,                0.59721,                0.92378,              0.0033387,              0.0033387,              0.0033387
                    473,                0.47743,                 0.4032,                 1.0064,                0.78277,                0.85352,                 0.8672,                0.80862,                0.42544,                0.59751,                0.92379,              0.0033246,              0.0033246,              0.0033246
                    474,                0.47288,                0.40619,                 1.0053,                0.78268,                0.85358,                0.86739,                0.80905,                0.42545,                0.59805,                0.92378,              0.0033104,              0.0033104,              0.0033104
                    475,                0.48253,                0.40636,                  1.005,                 0.7816,                0.85509,                0.86723,                0.80871,                0.42536,                0.59782,                0.92364,              0.0032963,              0.0032963,              0.0032963
                    476,                0.47133,                 0.4082,                   1.01,                0.78182,                0.85509,                 0.8668,                0.80857,                0.42534,                0.59812,                 0.9236,              0.0032821,              0.0032821,              0.0032821
                    477,                 0.4772,                0.40279,                 1.0058,                0.78137,                 0.8552,                0.86683,                0.80863,                0.42527,                0.59844,                 0.9235,               0.003268,               0.003268,               0.003268
                    478,                0.47559,                0.40384,                 1.0052,                0.78116,                0.85475,                0.86677,                0.80833,                0.42526,                0.59892,                0.92351,              0.0032539,              0.0032539,              0.0032539
                    479,                0.47075,                0.40387,                  1.006,                0.78077,                 0.8552,                0.86706,                0.80866,                0.42545,                0.59829,                0.92353,              0.0032397,              0.0032397,              0.0032397
                    480,                0.46709,                0.40657,                 0.9986,                0.78105,                0.85455,                0.86713,                 0.8084,                0.42532,                0.59727,                 0.9235,              0.0032256,              0.0032256,              0.0032256
                    481,                0.46956,                0.39865,                 1.0029,                0.78169,                0.85491,                0.86698,                0.80829,                0.42554,                0.59751,                0.92365,              0.0032114,              0.0032114,              0.0032114
                    482,                0.47128,                0.39533,                 1.0067,                0.78135,                0.85476,                0.86721,                0.80897,                0.42547,                0.59804,                0.92366,              0.0031973,              0.0031973,              0.0031973
                    483,                0.46856,                0.39685,                 1.0014,                0.78092,                0.85496,                0.86705,                0.80887,                0.42537,                0.59806,                0.92356,              0.0031831,              0.0031831,              0.0031831
                    484,                0.46507,                 0.3917,                 1.0004,                0.78069,                0.85491,                0.86705,                0.80886,                0.42536,                0.59848,                0.92351,               0.003169,               0.003169,               0.003169
                    485,                0.47473,                0.39234,                 1.0018,                0.78071,                0.85511,                0.86726,                0.80928,                0.42536,                0.59908,                0.92351,              0.0031549,              0.0031549,              0.0031549
                    486,                0.47159,                0.40296,                 1.0062,                0.78029,                0.85533,                 0.8673,                0.80952,                0.42526,                0.59915,                 0.9235,              0.0031407,              0.0031407,              0.0031407
                    487,                0.47053,                0.39522,                 1.0012,                0.78036,                0.85511,                0.86736,                0.80934,                0.42527,                0.59975,                 0.9234,              0.0031266,              0.0031266,              0.0031266
                    488,                 0.4689,                0.39266,                 1.0017,                0.78057,                0.85509,                0.86758,                0.80962,                0.42537,                0.60024,                0.92336,              0.0031124,              0.0031124,              0.0031124
                    489,                0.47061,                0.39645,                 1.0002,                0.78109,                0.85675,                0.86735,                0.80914,                0.42543,                0.60038,                 0.9234,              0.0030983,              0.0030983,              0.0030983
                    490,                 0.4675,                0.39951,                0.99944,                0.77937,                0.85864,                0.86707,                0.80904,                0.42548,                0.60067,                0.92342,              0.0030841,              0.0030841,              0.0030841
                    491,                0.46908,                0.39045,                0.99906,                0.78104,                0.85647,                0.86682,                0.80844,                0.42545,                0.60103,                0.92344,                0.00307,                0.00307,                0.00307
                    492,                0.46838,                0.39031,                0.99698,                0.78118,                0.85615,                 0.8668,                0.80822,                0.42545,                0.60093,                0.92341,              0.0030559,              0.0030559,              0.0030559
                    493,                0.46387,                0.39742,                0.99628,                0.78078,                0.85631,                0.86674,                 0.8081,                0.42533,                 0.6004,                0.92333,              0.0030417,              0.0030417,              0.0030417
                    494,                 0.4666,                0.38827,                 1.0022,                0.78056,                0.85838,                0.86675,                0.80783,                0.42533,                0.60041,                 0.9233,              0.0030276,              0.0030276,              0.0030276
                    495,                0.46705,                0.39727,                 1.0012,                0.78068,                0.85831,                0.86668,                0.80798,                0.42541,                0.60099,                0.92331,              0.0030134,              0.0030134,              0.0030134
                    496,                0.46275,                0.38465,                0.99849,                0.78066,                0.85867,                0.86677,                 0.8078,                 0.4253,                0.60078,                0.92319,              0.0029993,              0.0029993,              0.0029993
                    497,                0.46731,                0.38822,                0.99981,                0.78077,                0.85844,                0.86669,                0.80775,                 0.4252,                0.60106,                0.92314,              0.0029851,              0.0029851,              0.0029851
                    498,                  0.465,                0.38877,                 1.0007,                0.78086,                0.85879,                0.86685,                0.80805,                0.42516,                0.60149,                 0.9231,               0.002971,               0.002971,               0.002971
                    499,                0.46113,                0.38632,                 0.9899,                0.78073,                0.86054,                0.86665,                0.80786,                0.42516,                0.60141,                0.92307,              0.0029569,              0.0029569,              0.0029569
                    500,                0.46446,                  0.386,                  1.004,                0.78061,                0.86046,                0.86666,                0.80788,                 0.4252,                0.60106,                  0.923,              0.0029427,              0.0029427,              0.0029427
                    501,                0.46115,                0.38576,                0.99877,                0.77975,                0.86056,                0.86642,                0.80737,                0.42514,                0.60127,                0.92289,              0.0029286,              0.0029286,              0.0029286
                    502,                0.46741,                0.39547,                0.99978,                0.78041,                0.86064,                 0.8659,                0.80684,                0.42506,                0.60208,                0.92273,              0.0029144,              0.0029144,              0.0029144
                    503,                0.46883,                0.38889,                 1.0029,                0.77989,                0.86067,                0.86566,                0.80685,                0.42513,                0.60175,                0.92269,              0.0029003,              0.0029003,              0.0029003
                    504,                0.46606,                0.38256,                0.99596,                0.78083,                0.86071,                0.86506,                0.80653,                0.42522,                0.60202,                0.92269,              0.0028861,              0.0028861,              0.0028861
                    505,                 0.4639,                0.38953,                0.99406,                  0.782,                0.85769,                0.86533,                0.80724,                0.42494,                0.60209,                0.92259,               0.002872,               0.002872,               0.002872
                    506,                0.46295,                0.38495,                0.99503,                0.78191,                0.85764,                0.86573,                0.80788,                0.42482,                0.60219,                0.92247,              0.0028579,              0.0028579,              0.0028579
                    507,                0.45754,                0.37812,                 0.9916,                0.78177,                0.85739,                0.86659,                0.80828,                0.42506,                 0.6025,                0.92243,              0.0028437,              0.0028437,              0.0028437
                    508,                0.45944,                 0.3865,                0.99394,                 0.7813,                0.85782,                0.86639,                0.80783,                0.42495,                0.60272,                0.92247,              0.0028296,              0.0028296,              0.0028296
                    509,                0.46057,                 0.3818,                0.99838,                0.78068,                0.85828,                0.86639,                0.80788,                0.42495,                0.60304,                0.92241,              0.0028154,              0.0028154,              0.0028154
                    510,                0.45804,                0.37554,                0.99256,                0.78051,                0.85756,                0.86628,                0.80833,                0.42492,                0.60292,                0.92236,              0.0028013,              0.0028013,              0.0028013
                    511,                0.46219,                0.38636,                0.99835,                0.78054,                0.85666,                0.86631,                 0.8078,                0.42484,                0.60301,                0.92219,              0.0027871,              0.0027871,              0.0027871
                    512,                0.45865,                0.37734,                0.99566,                 0.7799,                0.85749,                0.86647,                0.80765,                0.42499,                0.60361,                0.92215,               0.002773,               0.002773,               0.002773
                    513,                0.45867,                0.37473,                0.99497,                0.77886,                0.85819,                0.86644,                0.80784,                0.42501,                0.60439,                0.92217,              0.0027589,              0.0027589,              0.0027589
                    514,                0.45907,                 0.3789,                0.99272,                0.77883,                0.85869,                0.86646,                0.80766,                0.42532,                 0.6056,                0.92237,              0.0027447,              0.0027447,              0.0027447
                    515,                0.45753,                0.37368,                0.98687,                 0.7789,                0.85899,                0.86612,                 0.8072,                0.42527,                0.60633,                0.92247,              0.0027306,              0.0027306,              0.0027306
                    516,                0.45575,                0.37701,                0.99368,                0.77874,                0.85915,                0.86596,                0.80704,                0.42534,                0.60723,                0.92252,              0.0027164,              0.0027164,              0.0027164
                    517,                0.45255,                0.37177,                0.99162,                0.77887,                0.85868,                0.86594,                0.80774,                0.42547,                0.60796,                0.92251,              0.0027023,              0.0027023,              0.0027023
                    518,                0.45599,                0.38064,                0.98946,                0.77873,                0.85857,                0.86608,                0.80736,                0.42545,                0.60789,                0.92259,              0.0026881,              0.0026881,              0.0026881
                    519,                0.45954,                0.37899,                0.99179,                0.77973,                0.85867,                0.86597,                0.80746,                0.42544,                0.60875,                0.92262,               0.002674,               0.002674,               0.002674
                    520,                0.45455,                0.37388,                0.99408,                0.77855,                0.85864,                0.86572,                0.80687,                0.42546,                0.60997,                0.92264,              0.0026599,              0.0026599,              0.0026599
                    521,                0.44849,                0.37105,                 0.9921,                0.77916,                0.85912,                0.86594,                0.80722,                0.42554,                0.61068,                0.92264,              0.0026457,              0.0026457,              0.0026457
                    522,                 0.4601,                0.38025,                0.99202,                0.77984,                 0.8588,                0.86595,                 0.8073,                0.42536,                0.61137,                 0.9225,              0.0026316,              0.0026316,              0.0026316
                    523,                0.45538,                0.37394,                0.99069,                0.78025,                0.85892,                0.86568,                0.80721,                0.42537,                 0.6122,                0.92247,              0.0026174,              0.0026174,              0.0026174
                    524,                0.45575,                0.37526,                0.98838,                0.78031,                0.85892,                0.86566,                 0.8073,                0.42535,                0.61335,                0.92243,              0.0026033,              0.0026033,              0.0026033
                    525,                0.45492,                0.37296,                 0.9884,                0.77947,                0.85802,                0.86567,                0.80762,                0.42537,                0.61369,                0.92231,              0.0025891,              0.0025891,              0.0025891
                    526,                0.45611,                0.37439,                0.98853,                0.77979,                0.85727,                0.86473,                0.80658,                0.42548,                0.61327,                0.92237,               0.002575,               0.002575,               0.002575
                    527,                0.45625,                0.37143,                0.99279,                0.77975,                0.85713,                0.86445,                0.80642,                0.42556,                 0.6131,                0.92238,              0.0025609,              0.0025609,              0.0025609
                    528,                0.45295,                0.36902,                0.99018,                0.77851,                  0.858,                0.86449,                0.80619,                0.42549,                0.61354,                0.92235,              0.0025467,              0.0025467,              0.0025467
                    529,                0.45287,                0.37216,                0.99256,                0.77794,                0.85811,                0.86449,                0.80606,                0.42544,                0.61357,                0.92228,              0.0025326,              0.0025326,              0.0025326
                    530,                 0.4545,                0.37332,                0.99055,                0.77735,                0.85833,                0.86429,                0.80594,                0.42559,                0.61388,                0.92232,              0.0025184,              0.0025184,              0.0025184
                    531,                0.45245,                0.36312,                0.98849,                 0.7772,                0.85805,                0.86396,                0.80557,                0.42562,                0.61414,                0.92227,              0.0025043,              0.0025043,              0.0025043
                    532,                0.45744,                0.37234,                0.99734,                 0.7777,                 0.8578,                0.86398,                0.80534,                0.42579,                0.61387,                0.92236,              0.0024901,              0.0024901,              0.0024901
                    533,                0.45036,                0.36367,                0.98958,                0.77756,                0.85775,                0.86426,                0.80585,                0.42571,                0.61403,                0.92243,               0.002476,               0.002476,               0.002476
                    534,                0.45311,                0.36409,                0.98144,                0.77757,                0.85666,                0.86426,                0.80594,                0.42555,                0.61431,                0.92232,              0.0024619,              0.0024619,              0.0024619
                    535,                 0.4448,                0.36709,                0.98681,                0.77772,                0.85671,                0.86392,                0.80562,                0.42563,                0.61508,                0.92234,              0.0024477,              0.0024477,              0.0024477
                    536,                0.45345,                0.36998,                0.98978,                0.77835,                0.85551,                0.86469,                0.80634,                0.42579,                0.61629,                0.92238,              0.0024336,              0.0024336,              0.0024336
                    537,                0.44859,                0.36507,                0.98546,                0.77896,                0.85517,                0.86559,                0.80718,                0.42584,                0.61707,                0.92246,              0.0024194,              0.0024194,              0.0024194
                    538,                0.44937,                0.36308,                0.98768,                0.77905,                0.85448,                0.86594,                0.80769,                0.42603,                0.61805,                0.92258,              0.0024053,              0.0024053,              0.0024053
                    539,                0.45601,                0.37141,                0.99378,                0.77943,                  0.855,                 0.8659,                0.80796,                 0.4262,                0.61893,                0.92269,              0.0023911,              0.0023911,              0.0023911
                    540,                0.44764,                 0.3631,                0.98638,                0.77967,                0.85376,                0.86583,                 0.8075,                 0.4263,                0.61885,                0.92275,               0.002377,               0.002377,               0.002377
                    541,                0.44835,                0.36581,                0.98404,                 0.7797,                0.85376,                0.86587,                0.80805,                0.42622,                0.61909,                0.92274,              0.0023629,              0.0023629,              0.0023629
                    542,                0.44467,                0.36492,                0.98783,                0.78002,                0.85371,                0.86556,                0.80753,                0.42629,                0.61892,                0.92275,              0.0023487,              0.0023487,              0.0023487
                    543,                0.44791,                0.35755,                0.98667,                0.78002,                0.85368,                0.86569,                0.80804,                0.42614,                0.61944,                0.92269,              0.0023346,              0.0023346,              0.0023346
                    544,                0.44551,                0.35977,                0.98699,                0.77939,                0.85385,                0.86578,                0.80754,                0.42627,                0.61994,                0.92269,              0.0023204,              0.0023204,              0.0023204
                    545,                0.44982,                0.36346,                0.98815,                0.77923,                0.85382,                0.86572,                0.80716,                0.42626,                 0.6203,                 0.9227,              0.0023063,              0.0023063,              0.0023063
                    546,                0.44873,                0.36612,                0.99182,                0.77969,                0.85367,                0.86596,                0.80776,                0.42593,                0.62138,                0.92265,              0.0022921,              0.0022921,              0.0022921
                    547,                0.44467,                0.35966,                0.98846,                 0.7795,                0.85331,                0.86585,                0.80802,                0.42591,                0.62168,                0.92263,               0.002278,               0.002278,               0.002278
                    548,                0.44869,                0.36009,                0.98896,                0.77901,                0.85433,                0.86576,                0.80774,                0.42601,                0.62185,                0.92273,              0.0022639,              0.0022639,              0.0022639
                    549,                0.44675,                0.36136,                0.98351,                0.77863,                0.85423,                 0.8657,                0.80766,                0.42609,                0.62172,                 0.9226,              0.0022497,              0.0022497,              0.0022497
                    550,                0.44621,                0.35878,                 0.9882,                0.77878,                0.85334,                0.86579,                0.80759,                0.42616,                0.62206,                0.92262,              0.0022356,              0.0022356,              0.0022356
                    551,                0.44989,                0.36452,                0.99027,                0.77866,                0.85338,                0.86552,                0.80722,                0.42636,                0.62177,                0.92268,              0.0022214,              0.0022214,              0.0022214
                    552,                0.44549,                0.35803,                0.97952,                0.77911,                 0.8535,                0.86525,                0.80712,                0.42628,                0.62217,                 0.9227,              0.0022073,              0.0022073,              0.0022073
                    553,                 0.4401,                0.35155,                0.98032,                0.77953,                0.85286,                0.86434,                0.80645,                0.42632,                0.62202,                0.92259,              0.0021931,              0.0021931,              0.0021931
                    554,                0.44704,                0.35684,                0.98304,                0.77955,                0.85225,                0.86427,                0.80599,                0.42628,                0.62263,                0.92267,               0.002179,               0.002179,               0.002179
                    555,                0.44358,                0.35714,                0.98665,                0.77944,                0.85306,                0.86448,                0.80596,                0.42652,                0.62294,                0.92268,              0.0021649,              0.0021649,              0.0021649
                    556,                0.44648,                0.35607,                0.98401,                 0.7791,                0.85313,                 0.8646,                0.80609,                0.42638,                0.62331,                0.92268,              0.0021507,              0.0021507,              0.0021507
                    557,                0.44294,                0.34875,                 0.9855,                 0.7788,                0.85329,                0.86485,                0.80607,                0.42651,                0.62246,                0.92275,              0.0021366,              0.0021366,              0.0021366
                    558,                0.44161,                0.35798,                0.98087,                0.77895,                0.85324,                0.86541,                0.80685,                0.42654,                 0.6226,                0.92277,              0.0021224,              0.0021224,              0.0021224
                    559,                0.43559,                0.34868,                0.98299,                0.77896,                0.85334,                 0.8653,                0.80681,                0.42648,                0.62289,                0.92266,              0.0021083,              0.0021083,              0.0021083
                    560,                0.44303,                0.34807,                0.98409,                0.77859,                0.85348,                0.86525,                0.80669,                0.42652,                0.62362,                0.92266,              0.0020941,              0.0020941,              0.0020941
                    561,                0.44459,                0.35555,                0.98572,                 0.7789,                0.85389,                0.86519,                0.80659,                0.42654,                0.62458,                0.92261,                0.00208,                0.00208,                0.00208
                    562,                0.44057,                0.35106,                0.98283,                0.77852,                0.85435,                0.86509,                0.80667,                0.42642,                0.62502,                0.92259,              0.0020659,              0.0020659,              0.0020659
                    563,                0.44097,                0.35436,                0.98162,                0.77819,                0.85498,                0.86474,                0.80615,                0.42667,                0.62488,                0.92271,              0.0020517,              0.0020517,              0.0020517
                    564,                0.43857,                0.34687,                0.97921,                0.77625,                 0.8558,                0.86445,                0.80595,                0.42675,                0.62581,                0.92282,              0.0020376,              0.0020376,              0.0020376
                    565,                0.43696,                0.34548,                0.98334,                0.77595,                0.85545,                0.86409,                0.80547,                0.42683,                0.62706,                 0.9228,              0.0020234,              0.0020234,              0.0020234
                    566,                0.43696,                0.34489,                0.98015,                0.77604,                0.85729,                0.86449,                 0.8056,                0.42699,                0.62752,                0.92299,              0.0020093,              0.0020093,              0.0020093
                    567,                0.43861,                0.35035,                0.98146,                0.77622,                0.85694,                0.86448,                0.80559,                0.42712,                0.62851,                0.92305,              0.0019951,              0.0019951,              0.0019951
                    568,                0.43073,                 0.3469,                0.97692,                0.77622,                0.85552,                 0.8647,                0.80608,                0.42708,                0.62892,                0.92301,               0.001981,               0.001981,               0.001981
                    569,                0.43702,                0.34444,                0.97947,                0.77668,                0.85584,                0.86425,                0.80535,                0.42708,                0.62896,                0.92305,              0.0019669,              0.0019669,              0.0019669
                    570,                0.43639,                0.34703,                0.98456,                0.77644,                0.85361,                 0.8642,                0.80557,                0.42721,                0.62877,                 0.9231,              0.0019527,              0.0019527,              0.0019527
                    571,                0.43675,                0.33974,                0.97937,                0.77598,                0.85386,                0.86432,                0.80553,                0.42739,                0.62873,                0.92311,              0.0019386,              0.0019386,              0.0019386
                    572,                0.43575,                0.34589,                 0.9795,                0.77586,                0.85486,                 0.8644,                0.80601,                0.42708,                 0.6294,                0.92296,              0.0019244,              0.0019244,              0.0019244
                    573,                0.42882,                0.33647,                0.97456,                0.77548,                0.85548,                0.86466,                0.80621,                 0.4273,                0.62994,                0.92304,              0.0019103,              0.0019103,              0.0019103
                    574,                0.43876,                0.34171,                0.97965,                0.77539,                0.85621,                0.86465,                0.80567,                0.42731,                0.63038,                0.92315,              0.0018961,              0.0018961,              0.0018961
                    575,                0.43421,                0.34469,                 0.9767,                0.77545,                0.85568,                0.86445,                0.80537,                 0.4273,                0.63086,                0.92315,               0.001882,               0.001882,               0.001882
                    576,                0.43819,                0.34523,                0.98123,                0.77527,                0.85502,                0.86428,                 0.8053,                0.42731,                0.63042,                0.92316,              0.0018679,              0.0018679,              0.0018679
                    577,                0.43257,                0.34026,                0.98134,                 0.7761,                0.85361,                0.86421,                0.80532,                0.42736,                0.62996,                0.92312,              0.0018537,              0.0018537,              0.0018537
                    578,                0.43324,                0.34432,                0.97793,                0.77648,                0.85451,                0.86429,                0.80522,                0.42723,                0.63088,                0.92317,              0.0018396,              0.0018396,              0.0018396
                    579,                0.43194,                0.33732,                0.97598,                0.77633,                0.85325,                0.86435,                0.80542,                0.42718,                  0.631,                0.92309,              0.0018254,              0.0018254,              0.0018254
                    580,                0.43266,                0.33955,                0.97943,                0.77649,                 0.8529,                0.86443,                0.80495,                0.42735,                0.63121,                0.92315,              0.0018113,              0.0018113,              0.0018113
                    581,                0.43233,                0.33908,                0.97705,                0.77878,                0.85011,                0.86439,                0.80548,                0.42744,                0.63131,                0.92304,              0.0017971,              0.0017971,              0.0017971
                    582,                0.42754,                0.33481,                0.97289,                0.77835,                0.84954,                0.86439,                0.80601,                 0.4274,                 0.6317,                0.92305,               0.001783,               0.001783,               0.001783
                    583,                 0.4299,                0.33968,                0.97994,                0.77986,                0.84793,                0.86427,                 0.8054,                0.42734,                0.63175,                0.92289,              0.0017689,              0.0017689,              0.0017689
                    584,                0.43551,                0.33226,                0.97597,                0.77884,                0.84725,                0.86403,                0.80518,                0.42729,                0.63242,                0.92289,              0.0017547,              0.0017547,              0.0017547
                    585,                0.43166,                 0.3381,                0.97785,                0.77874,                0.84768,                0.86365,                0.80494,                0.42807,                0.63402,                0.92332,              0.0017406,              0.0017406,              0.0017406
                    586,                 0.4288,                0.33972,                0.97871,                0.78035,                0.84456,                0.86343,                0.80538,                0.42786,                0.63456,                0.92324,              0.0017264,              0.0017264,              0.0017264
                    587,                0.43309,                 0.3427,                 0.9815,                0.78236,                0.84282,                0.86323,                0.80507,                0.42799,                0.63503,                0.92322,              0.0017123,              0.0017123,              0.0017123
                    588,                0.42961,                0.33382,                0.97683,                0.78262,                0.84151,                0.86289,                0.80488,                0.42809,                0.63505,                0.92327,              0.0016981,              0.0016981,              0.0016981
